 Apple 苹果 iPhone 13 5G手机【支持礼品卡】 128GB 午夜色,¥5858,//product.dangdang.com/11006804748.html,4条评论
 华为FreeBuds 4i主动降噪 入耳式真无线蓝牙耳机/通话降噪/长续航/小巧舒适 Android和ios通用,¥365.00,//product.dangdang.com/664646912.html,64条评论
 Apple 苹果 iPhone 13 Pro Max 5G手机 远峰蓝色 全网通 256GB,¥9888,//product.dangdang.com/11014223348.html,7条评论
 Apple 苹果 iPhone 13 Pro 5G手机 远峰蓝色 全网通 256GB,¥8828,//product.dangdang.com/11014213608.html,5条评论
 Apple 苹果 iPhone 13 Pro 5G手机 石墨色 全网通 256GB,¥9088,//product.dangdang.com/11014217158.html,3条评论
 诺基亚 220新 全网通4G 老人按键手机老年手机 学生备用功能手机直板手机,¥296.00,//product.dangdang.com/640696634.html,10条评论
 诺基亚(NOKIA) 新105 直板手机按键手机 移动2G 老人机 学生机 备用功能机,¥139.00,//product.dangdang.com/654128024.html,15条评论
 Apple 苹果 iPhone 12 Pro 苹果 全网通5G手机 256GB,¥7988,//product.dangdang.com/655397777.html,52条评论
 华为FreeLace Pro运动无线蓝牙耳机颈挂脖式双重主动降噪待机续航蓝牙耳机双耳入耳式适用于苹果,¥388.00,//product.dangdang.com/1863130160.html,19条评论
 小米 红米Note10 5G手机 4GB+128GB,¥968.00,//product.dangdang.com/653838527.html,3条评论
 华为原装5A数据线Type-C快充mate40/p40/Mate30pro/nova7荣耀V30pro充电线 【Type,¥38.00,//product.dangdang.com/1887938178.html,19条评论
 OPPO A8 美颜 夜景自拍 智能手机 6.5英寸水滴屏 4230mAh大电池 后置AI三摄 全网通4G手机,¥988.00,//product.dangdang.com/667376294.html,3条评论
 小米 红米note11 新品5G手机 6GB+128GB,¥1248,//product.dangdang.com/11036121541.html,4条评论
 全店支持当当卡Apple/苹果 AirPods2 二代无线蓝牙耳机 原装国行正品,¥865.00,//product.dangdang.com/1551955202.html,202条评论
 Apple 苹果 iPhone 13 5G手机 128GB 星光色,¥5958,//product.dangdang.com/11013839538.html,
 小米Redmi 红米9A 4GB+64GB 5000mAh大电量 大屏幕大字体大音量 1300万AI相机 八核处理器 人,¥635.00,//product.dangdang.com/638503532.html,1条评论
 小米Redmi AirDots2 无线蓝牙耳机 蓝牙5.0 分体式耳机运动手机耳机苹果华为安卓通用入耳式耳机,¥99.00,//product.dangdang.com/648445712.html,2条评论
 Apple 苹果 iPhone 13 5G手机 256GB 蓝色,¥6608,//product.dangdang.com/11013909798.html,3条评论
 小米Redmi 红米9A 6GB+128GB 5000mAh大电量 大屏幕大字体大音量 1300万AI相机 八核处理器,¥888.00,//product.dangdang.com/638499292.html,1条评论
 华为原装3A数据线Type C手机充电线3A快充适用p20p10p9v9mate10Nova2s3e荣耀 【Type C,¥19.00,//product.dangdang.com/1887978178.html,9条评论
 Apple 苹果 iPhone 12 5G手机 黑色 全网通 128GB,¥5558,//product.dangdang.com/640866428.html,8条评论
 Apple/苹果AirPods Pro 三代主动降噪无线蓝牙耳机airpods3支持iPad AirPods Pro 3,¥1758,//product.dangdang.com/627370492.html,21条评论
 Apple 苹果 iPhone 13 Pro Max 5G手机 银色 全网通 256GB,¥9988,//product.dangdang.com/11014229718.html,1条评论
 【支持当当礼卡】AFTERSHOKZ韶音AS800 Aeropex骨传导蓝牙耳机运动无线耳骨传导耳机跑步骑行,¥999.00,//product.dangdang.com/1024644667.html,17条评论
 Apple 苹果 iPhone 13 5G手机 256GB 粉色,¥6608,//product.dangdang.com/11013910118.html,4条评论
 华为AM116耳机高音质半入耳式3.5mm圆孔有线P30 Nova4/3安卓荣耀手机通用,¥58.00,//product.dangdang.com/676342802.html,1条评论
 【支持当当礼卡】苹果Apple 20W USB-C手机充电器插头 快速充电头 手机充电器适配器 适用iPhone12/i,¥145.00,//product.dangdang.com/1110298070.html,4条评论
 Apple/苹果Airpods2二代 无线蓝牙耳机 支持ipad Pro/min/iPhone 有线充电版 AirPod,¥998.00,//product.dangdang.com/1877652688.html,28条评论
 小米 Redmi 红米Note9 Pro 5G手机 8GB+128GB,¥1288,//product.dangdang.com/665915847.html,3条评论
 华为Type-C耳机华为经典耳机 适用于华为P20 Pro/P20/Mat TypeC接口CM33耳机,¥75.00,//product.dangdang.com/680894462.html,21条评论
 苹果Apple AirPods3代 2021款无线蓝牙耳机三代 支持苹果iphone13/iPad Pro AirPod,¥1398,//product.dangdang.com/11021242704.html,7条评论
 Apple 苹果 iPhone 13 5G手机 256GB 星光色,¥6618,//product.dangdang.com/11013908278.html,1条评论
 小米Redmi红米K40 游戏增强版 5G智能电竞手机 8GB+256GB,¥1798,//product.dangdang.com/680801600.html,1条评论
 苹果（Apple） 2021年款AirPods Pro 无线充电盒 主动降噪无线蓝牙耳机 适用iPhone/iPad/A,¥1758,//product.dangdang.com/11021247784.html,9条评论
 【支持当当礼卡】Shokz韶音OpenMove骨传导蓝牙耳机S661运动耳机跑步骑行耳机骨感耳机,¥549.00,//product.dangdang.com/1209683810.html,9条评论
 华为HUAWEI FreeBuds 4无线耳机 半开放主动降噪真无线蓝牙入耳式耳机,¥855.00,//product.dangdang.com/664654822.html,11条评论
 Apple苹果快充20W充电器快充头手机充电头iphone12promax/11数据线充电线套装 20W充电头 白色,¥145.00,//product.dangdang.com/1878956888.html,4条评论
 纽曼M560 电信版 老人机持久待机直板女款大屏大字大声老年手机学生功能按键小手机,¥179.00,//product.dangdang.com/684236132.html,1条评论
 Apple/苹果 2021款AirPods3代 蓝牙耳机 苹果AirPods (第三代)AirPods3,¥1398,//product.dangdang.com/1877648518.html,21条评论
 小米11 5G 8GB+256GB 骁龙888 2K AMOLED四曲面柔性屏 1亿像素 游戏手机,¥2988,//product.dangdang.com/637288372.html,1条评论
 小米Redmi Buds3 无线蓝牙耳机 无线耳机 半入耳 长续航 通话降噪 小米耳机 华为苹果手机通用,¥198.00,//product.dangdang.com/11068492144.html,2条评论
 OPPO A35 大屏幕 7.9mm轻薄机身 前置800万AI美颜 后置三摄 全面屏大内存学生老人手机全网通4G,¥899.00,//product.dangdang.com/660819544.html,1条评论
 华为nova9 新品手机 8GB+128GB,¥2398,//product.dangdang.com/11024288291.html,2条评论
 华为5A快充充电线 原装数据线双向Type-C 【Type-C转Type-C】华为原装双头type-c接口数据线,¥28.00,//product.dangdang.com/1887906988.html,3条评论
 小米Air2 SE真无线蓝牙耳机双耳运动适用于华为苹果通用,¥148.00,//product.dangdang.com/648457982.html,3条评论
 小米Air2s 真无线蓝牙耳机 降噪运动跑步双耳迷你小型半入耳耳塞,¥448.00,//product.dangdang.com/648458712.html,4条评论
 华为FreeBuds Pro无线充版主动降噪无线蓝牙无线耳机,¥688.00,//product.dangdang.com/664647602.html,30条评论
 【支持当当礼卡】AFTERSHOKZ韶音AS800 AEROPEX骨传导蓝牙耳机运动无线耳骨传导耳机跑步骑行 曜夜黑,¥999.00,//product.dangdang.com/1271932370.html,15条评论
 华为/HUAWEI Mate 40 Pro+ 全网通5G 麒麟9000智慧芯片 OLED超曲环幕屏 66W有线快充手机,¥10498,//product.dangdang.com/11064234296.html,
 联想S5Pro 全网通 骁龙八核 6.2英寸全面屏 智能手机骁龙八核 | 前后2000万AI四摄 |指纹+零光感人脸解锁,¥1248,//product.dangdang.com/691341854.html,
 OPPO K9 全网通版拍照游戏手机 双模5G 65W 闪充 l 90Hz OLED 电竞屏 高通骁龙768G 6400,¥1648,//product.dangdang.com/660810844.html,
 守护宝 上海中兴 F666 三防老人机 超长待机老人手机 移动2G 双卡双待 学生备用老年功能机,¥199.00,//product.dangdang.com/638789824.html,1条评论
 小米Redmi 红米10X 4G手机 全网通 6GB+128GB,¥1256,//product.dangdang.com/683133830.html,
 vivo S7e双模vivo s7E 8+128GB黑镜,¥2148,//product.dangdang.com/650247190.html,
 vivo Y3s 功能机vivo y3s 4+64GB-暗夜蓝,¥949.00,//product.dangdang.com/652084190.html,
 荣耀60 Pro 流光四曲屏 1亿像素多主摄影像系统 前置5000万超感知镜头 骁龙778G+ 66W超级快充 4800,¥3448,//product.dangdang.com/11044504256.html,
 华为/HUAWEI P50 Pocket 全网通4G 超光谱影像系统 创新双屏操作体验 宝盒折叠屏手机,¥8948,//product.dangdang.com/11050548226.html,
 vivo S6 双模5G超清夜景视频防抖四摄大电池拍照游戏全面屏手机5G全网通,¥1648,//product.dangdang.com/658338284.html,
 华为口红耳机 FreeBuds Lipstick 无线耳机 半开放主动降噪真无线蓝牙入耳式耳机,¥1698,//product.dangdang.com/11109010313.html,
 小米冰封电竞散热背夹游戏辅助器红米K40Pro小米11手机散热背夹降温器支持华为苹果手机配件套装,¥109.00,//product.dangdang.com/625788292.html,
 Apple 苹果 iPhone 12 mini 5G手机 绿色 全网通 64GB,¥4128,//product.dangdang.com/640945308.html,
 OPPO A35 4GB+128GB-4G全网通-冰玉白,¥1149,//product.dangdang.com/636956312.html,
 OPPO A95 8+128GB-5G全网通-曙光色,¥1749,//product.dangdang.com/636901312.html,
 Apple 苹果 iPhone 12 Pro 苹果 全网通5G手机 512GB,¥8388,//product.dangdang.com/657431637.html,49条评论
 【支持当当礼卡】Libratone小鸟耳机TRACK Air+ 降噪真无线蓝牙耳机双耳入耳式防水运动耳机耳麦苹果安卓通用,¥1188,//product.dangdang.com/1041306404.html,2条评论
 【支持当当礼卡】Libratone小鸟耳机TRACK Air 真无线蓝牙耳机双耳入耳式防水运动耳机耳麦苹果安卓通用,¥688.00,//product.dangdang.com/1041373404.html,
 荣耀畅玩8C 刘海屏 人脸识别 AI双摄 大电池 智能手机全网通4G,¥778.00,//product.dangdang.com/690991434.html,
 小米12X 原装67W线充套装 此链接单独拍下付款不发货，只能配小米12X一起付款才发货,¥99.00,//product.dangdang.com/11105017463.html,
 华为nova8 pro 5G手机【支持鸿蒙HarmonyOs】 8GB+256GB全网通 简配 无充电器跟数据线,¥3799,//product.dangdang.com/11001536471.html,24条评论
 荣耀 X30i 7.45mm超薄全视屏 22.5W超级快充 4800万超清三摄 智慧运存拓展 5G全网通手机,¥1468,//product.dangdang.com/11047551606.html,
 vivo iQOO Neo5 SE 5G全网通高通骁龙870+55W闪充+4500mAh+液冷散热+144Hz竞速屏手机,¥2148,//product.dangdang.com/11042861526.html,
 华为HUAWEI nova 8 SE 4G全网通 6400万高清四摄 66W超级快充 6.5英寸OLED大屏华为手机 标,¥1588,//product.dangdang.com/11059742641.html,
 Apple iPhone SE 苹果 全网通手机 新包装 128GB,¥3758,//product.dangdang.com/655303647.html,
 Apple 苹果 iPhone 12 mini 5G手机 蓝色 全网通 256GB,¥5048,//product.dangdang.com/640997698.html,
 小米12 Pro 骁龙8 Gen1 2K AMOLED 120Hz高刷 5000万超清三主摄 120W小米澎湃秒充 8G,¥4388,//product.dangdang.com/11070367701.html,
 OPPO Find X3 8+256GB-5G全网通-雾蓝,¥4499,//product.dangdang.com/633264762.html,
 OPPO A53 6GB+128GB-5G全网通-湖水绿,¥1299,//product.dangdang.com/636918762.html,
 OPPO Reno5 K 8+128GB-5G全网通-星河入梦,¥2399,//product.dangdang.com/636545762.html,
 OPPO Ace2高通骁龙865双模5G全网通智能手机oppoace2,¥3449,//product.dangdang.com/616472762.html,
 荣耀V40 全网通5G 10亿色视网膜级超感屏 5000万超感光影像 GPU Turbo X 图形加速引擎 智能手机,¥2948,//product.dangdang.com/668493844.html,
 中兴 ZTE Blade 20 5G全网通手机 高清三摄 双卡双待 八核处理器智能手机,¥998.00,//product.dangdang.com/680104834.html,
 vivo Z5i 8GB+128GB 6.53英寸全面屏人脸识别5000毫安大电池移动联通电信全网通4G手机,¥1448,//product.dangdang.com/689782834.html,
 vivo S9前置超清6nm旗舰芯片 8+128GB-朝露白,¥2699,//product.dangdang.com/651602270.html,
 荣耀Play5T活力版 6GB+128GB 5000mAh大电池 6.6英寸双卡双待 全网通4G智能拍照游戏手机,¥1028,//product.dangdang.com/666334272.html,18条评论
 卓美通用手机广角微距鱼眼镜头三合一套装iPhone6单反拍照相外置7,¥65.00,//product.dangdang.com/1203395059.html,2条评论
 小米(mi) Redmi K50 电竞版 移动联通电信全网通5G 骁龙8 双VC液冷散热 前后双索尼相机红米手机,¥3398,//product.dangdang.com/11099083566.html,
 飞利浦（PHILIPS）E309 全网通4G老年手机长待机大声音大字大屏老人手机直板按键学生女非智能小手机,¥238.00,//product.dangdang.com/11047469574.html,
 荣耀 Play5T Pro 6400万 双摄 8GB+128GB 22.5W快充 6.6英寸窄边全视屏全网通4G智能手机,¥1238,//product.dangdang.com/11038470574.html,1条评论
 荣耀Magic V 折叠屏全新一代骁龙8 多主摄融合计算摄影 折叠屏手机 5G全网通,¥13398,//product.dangdang.com/11111597636.html,
 OPPO A55 6GB+128GB-5G全网通-轻快蓝,¥1499,//product.dangdang.com/636476572.html,
 疾速 疾速自由Y10+ 白色,¥199.00,//product.dangdang.com/1033030697.html,
 Apple 苹果 iPhone 13 5G手机 256GB 午夜色,¥6588,//product.dangdang.com/11013902738.html,1条评论
 Apple iPhone 13 mini 专用 MagSafe 硅胶保护壳 iPhone保护套 手机壳,¥399.00,//product.dangdang.com/11028006791.html,
 荣耀60 Pro 5G全网通 8GB+256GB 66W超级快充 4800mAh超长续航,¥3258,//product.dangdang.com/11046900824.html,
 Samsung/三星 Galaxy Watch智能手表 Gear S4游泳运动lte版 多功能炫酷防水电话电子手环 男女,¥1999,//product.dangdang.com/1431647230.html,
 vivo iQOO Z3 5g 6+128GB星云,¥1649,//product.dangdang.com/651597830.html,
 vivo X60机5nm旗舰芯片蔡司光学镜头 8+128GB-5G全网通-华彩,¥2699,//product.dangdang.com/622206830.html,
 vivo Y30标准版 6+128GB-云水蓝,¥1199,//product.dangdang.com/651600830.html,
 荣耀畅玩30 Plus 22.5W超级快充 5000mAh长续航 6.74英寸高刷护眼大屏 全网通 8GB+128GB,¥1388,//product.dangdang.com/11096337861.html,
 Apple 苹果 iPhone 13 5G手机 128GB 红色,¥5888,//product.dangdang.com/11013841878.html,
 华为荣耀畅玩手环A1智能运动计步防水睡眠监测紫外线来电提醒手表,¥168.00,//product.dangdang.com/1068209148.html,
 小米红米Redmi Note 11 Pro+ 5G智能手机 8GB+128GB 120W充电1亿像素天玑920液冷游戏芯,¥1978,//product.dangdang.com/11105050703.html,
 Apple 苹果 iPhone 12 Pro 苹果 全网通5G手机 128GB,¥7598,//product.dangdang.com/1816313294.html,25条评论
 华为 HUAWEI P50 Pocket 艺术定制版 4G全网通 超光谱影像系统 创新双屏操作体验 P50宝盒手机,¥10255,//product.dangdang.com/11081699406.html,
 荣耀60 SE 新品5G手机 8GB+256GB,¥2298,//product.dangdang.com/11101790490.html,
 vivo Y76s 全网通5G手机 44W超级闪充 5000万超清影像 超闪星钻 轻薄拍照手机,¥1588,//product.dangdang.com/11030698516.html,
 vivo iQOO 9 全网通5G手机 全新骁龙8 E5超视网膜屏 独显芯片Pro 120W超快闪充iqoo 9电竞游戏,¥3948,//product.dangdang.com/11058322566.html,
 xiaomi/小米 Redmi红米充电宝10000毫安 轻巧便携大容量移动电源,¥89.00,//product.dangdang.com/1624418555.html,2条评论
 三星 (SAMSUNG) Galaxy S6(G9209) 直屏 电信4G手机 双卡,¥996.00,//product.dangdang.com/11063783556.html,
 三星 Galaxy A50s 全面屏4800万后置三摄大容量电池 移动联通电信全网通4G手机,¥1796,//product.dangdang.com/643232624.html,
 Apple 苹果 iPhone 11 全网通手机 新包装 256GB,¥5188,//product.dangdang.com/664001747.html,28条评论
 飞利浦(PHILIPS) S610 智能手机 4GB+64GB 全网通4G 双卡双待 水滴全面屏 老人学生手机,¥698.00,//product.dangdang.com/11047503764.html,
 OPPO A55 6GB+128GB-5G全网通-律动黑,¥1499,//product.dangdang.com/636471002.html,
 OPPO A93 8GB+256GB-5G全网通-雅银,¥1949,//product.dangdang.com/636181132.html,
 华为(HUAWEI) nova5i Pro 全网通4G版 后置四摄 前置3200万像素 移动联通电信 双卡双待手机,¥2696,//product.dangdang.com/671567214.html,
 上海中兴 守护宝V5 移动联通4G卡版安卓智能老人手机 1+16G大图标大字大声QQ微信视频老年手机 双卡学生手机老人智,¥298.00,//product.dangdang.com/657712204.html,1条评论
 ZTE/中兴 天机AXON 10Pro 5G手机 全网通 天机AXON A2020 骁龙855处理,¥2298,//product.dangdang.com/679510204.html,
 OPPO A8老人机 4+64GB-4G全网通-石榴红,¥849.00,//product.dangdang.com/636571802.html,
 ESK 苹果ipad air保护套 ipadair皮套ipad5保护套超薄休眠后壳套,¥68.00,//product.dangdang.com/1027785148.html,
 三星Note4电池 N9108V原装电池SM-N9100 N9109W原装手机电板正品,¥98.00,//product.dangdang.com/1097649548.html,19条评论
 诺基亚(NOKIA) 新5310 直板按键 移动2G音乐手机 双卡双待 老人手机 学生备用功能机,¥348.00,//product.dangdang.com/640075194.html,1条评论
 vivo iQOO Neo5高通骁龙870 12+256GB-5G全网通-夜影黑,¥2949,//product.dangdang.com/622205460.html,
 小米 红米9A Redmi 9A 5000mAh大电量 智能老人手机大音量 智能手机 4GB+128GB,¥778.00,//product.dangdang.com/679775740.html,1条评论
 华为FreeBuds Pro 无线充版 真无线蓝牙耳机,¥1088,//product.dangdang.com/644964767.html,
 荣耀（honor）9X 全网通4G 麒麟810 4000mAh超强续航 4800万超清夜拍 6.59英寸全面屏手机,¥1348,//product.dangdang.com/690940304.html,
 Xiaomi/小米 红米Note 5A 全网通4G移动电信联通 安卓智能音乐游戏手机,¥548.00,//product.dangdang.com/679459804.html,
 vivo Y9s 3200万超清自拍 4800万全场景四摄 4500mAh大电池 全网通4G手机,¥1448,//product.dangdang.com/659285794.html,
 小米（MI） Redmi 10X 红米 10X 5G全网通 天玑820双卡5G待机大屏学生老年游戏拍照手机,¥1498,//product.dangdang.com/678434824.html,
 三星Galaxy A52 5G全网通 1200万超广角摄像头 6.5英寸120Hz全视屏 高通骁龙750G智能手机,¥2178,//product.dangdang.com/641433824.html,
 诺基亚(NOKIA) 诺基亚150 直板按键 移动2G手机 双卡双待 老人手机 学生备用功能机,¥225.00,//product.dangdang.com/640789874.html,
 海信(Hisense)F50 F50+ 5G手机 双模5G中国芯 5010mAh大电量 后置四摄,¥1499,//product.dangdang.com/670615884.html,
 小米10S 骁龙870 哈曼卡顿对称式双扬立体声 12GB+256GB手机,¥2898,//product.dangdang.com/679549930.html,1条评论
 Lenovo/联想 A2800-D 移动4G版 双卡智能手机老人机备用机wifi热点学生手机,¥186.00,//product.dangdang.com/679722924.html,
 荣耀 畅玩7C 全面屏 移动联通电信4G手机 双卡 人脸识别 5.99屏,¥848.00,//product.dangdang.com/690993924.html,
 努比亚 nubia 红魔7 165Hz屏幕刷新率 全新骁龙8平台 120W快充 5G电竞游戏手机,¥4498,//product.dangdang.com/11095824426.html,
 vivo X60机5nm旗舰芯片蔡司光学镜头 12+256GB-5G全网通-原力,¥3299,//product.dangdang.com/622208430.html,
 vivo X60机5nm旗舰芯片蔡司光学镜头 8+256GB-5G全网通-原力,¥2999,//product.dangdang.com/622207430.html,
 OPPO Find X3 骁龙870 全链路10bit色彩引擎 5000万臻彩双主摄 120Hz屏曲面屏 全网通5G手机,¥3598,//product.dangdang.com/661062494.html,
 Lenovo/联想 A5 全面屏人脸解锁智能手机 全网通4G 双卡双待 位置穿越 4000毫安大电池,¥548.00,//product.dangdang.com/678972484.html,
 三星 G3818 移动3G版 老人老年备用学习阅读手机,¥198.00,//product.dangdang.com/649941474.html,
 vivo S9e 5G新品 5G全网通 3200万高清前摄 后置6400W超清三摄 内存融合8+3=11G运存,¥1748,//product.dangdang.com/653900484.html,
 OPPO Ace2 双模5G 40W无线闪充 65W超级闪充 高通骁龙865 185g超薄机 90Hz电竞屏游戏手机,¥2798,//product.dangdang.com/665888514.html,
 荣耀畅玩8A 6.09英寸珍珠全面屏 震撼大音量 移动联通电信4G全面屏手机 双卡双待荣耀畅玩8A 6.09英寸珍珠全面,¥798.00,//product.dangdang.com/680658494.html,
 Apple适用于2021年新款11 英寸 iPad Pro (第三代) 的妙控键盘-白色- 中文 (拼音),¥2388,//product.dangdang.com/11034903691.html,
 Apple 苹果 iPhone 13 5G手机 128GB 粉色,¥6526,//product.dangdang.com/11029480701.html,
 小米红米Redmi Note 11 Pro+ 5G智能手机 6GB+128GB 120W充电1亿像素天玑920液冷游戏芯,¥1848,//product.dangdang.com/11036810691.html,
 华为/HUAWEI Mate40 麒麟9000E SoC芯片 超感知徕卡电影影像 有线无线双快充 5G全网通手机 8GB,¥6188,//product.dangdang.com/11015535741.html,
 荣耀 8x max 全网通4G 双卡双待 全面屏 智能手机,¥1598,//product.dangdang.com/670341764.html,
 iQOO 3 5G性能旗舰 高通骁龙865+UFS 3.1 闪存+LPDDR5 运存 55W超快闪充 专业电竞游戏体验,¥2448,//product.dangdang.com/689793784.html,
 华为(HUAWEI) nova 8 5G全网通版 麒麟985 6400万四摄 移动联通电信拍照游戏智能手机,¥3796,//product.dangdang.com/669101764.html,
 华为智选 麦芒 10 5G手机 6.6英寸高刷大屏 4000万超感光夜拍 40W超级快充 8GB+128GB,¥1538,//product.dangdang.com/11080387881.html,
 Apple 苹果 iPhone 12 苹果 全网通5G手机 64GB,¥4698,//product.dangdang.com/1816207054.html,49条评论
 Motorola/摩托罗拉 P50 支持NFC 三卡槽 游戏手机 4800万实力夜拍 6.34英寸21:9高比例 杜比音,¥1648,//product.dangdang.com/691132204.html,
 OPPO Find X3 Pro 5G 8+256GB雾蓝,¥4799,//product.dangdang.com/674003262.html,
 华为FreeBuds3i无线蓝牙耳机入耳式通话降噪运动音乐耳机,¥298.00,//product.dangdang.com/664646262.html,
 vivo X60t Pro+ 高通骁龙888芯片 超清一亿模式+蔡司光学镜头双主摄 60倍超级变焦 双模5G全网通,¥3648,//product.dangdang.com/11008569266.html,
 荣耀 30 Pro+ 5G全网通 5000万超感光相机 50倍超稳远摄 麒麟990 曲OLED飞瀑屏智能游戏音乐手机,¥4848,//product.dangdang.com/670647274.html,
 Hisense/海信 D11 Pro智能4G全网通三防手机超长待机移动联通电信版老人机按键手机对讲机,¥696.00,//product.dangdang.com/675687274.html,
 vivo iQOO U1x智能手机 4+64GB-晨霜白,¥849.00,//product.dangdang.com/652065290.html,
 华为 HUAWEI 畅享 10S 炫彩OLED屏幕指纹4800万超广角AI三摄4000mAh大电池 全网通双4G手机,¥1498,//product.dangdang.com/11098849326.html,
 OPPO Reno7 SE 全网通5G手机 拍照游戏智能手机 美颜轻薄手机,¥2048,//product.dangdang.com/11040855386.html,
 小米USB Type-C快速充电线1m线长多色高速USB手机数据线,¥29.90,//product.dangdang.com/1156444397.html,13条评论
 Apple 苹果 iPhone 13 Pro Max 5G手机 远峰蓝色 全网通 128GB,¥9188,//product.dangdang.com/11014236488.html,1条评论
 OPPO A53 8GB+128GB-5G全网通-流光紫,¥1699,//product.dangdang.com/636919802.html,
 Apple iPhone 13 Pro Max (A2644) 1TB 金色 支持移动联通电信5G 双卡双待手机,¥13788,//product.dangdang.com/11024009826.html,
 realme 真我 X7 Pro 至尊版 65W智慧闪充 6400万像素 7.8mm轻薄双曲面 移动联通电信5G智能拍照,¥2398,//product.dangdang.com/11026869826.html,
 荣耀(honor)荣耀V40 轻奢版 5G全网通 66W超级快充 10亿色轻薄超曲屏 6400万超清四摄 移动联通电信5,¥2298,//product.dangdang.com/691889874.html,
 Meizu/魅族 魅蓝6 全网通4G 指纹识别正品手机学生手机拍照,¥648.00,//product.dangdang.com/11034013856.html,
 Apple iPhone 13 Pro Max (A2644) 512GB 石墨色 支持移动联通电信5G 双卡双待手机,¥11988,//product.dangdang.com/11024008856.html,
 华为畅享 20e 4G全网通 5000mAh大电池6.3英寸高清大屏 4GB+64GB,¥948.00,//product.dangdang.com/11037478871.html,
 小米12 骁龙8 Gen1 黄金手感 6.28英寸视感屏 120Hz高刷 5000万超清主摄 67W快充 8GB+128,¥3398,//product.dangdang.com/11070046851.html,
 摩托罗拉 G51 全网通5G 应用多开120Hz刷新率 骁龙处理器 5000万像素 全网5G 5000毫安大电池手机,¥1428,//product.dangdang.com/11043819856.html,
 OPPO A72 4+128GB-5G全网通-简单黑,¥1149,//product.dangdang.com/636924872.html,
 小米33W充电器套装充电插头适用小米Redmi红米安卓手机电脑充电智能 线充套装,¥68.00,//product.dangdang.com/648468872.html,
 OPPO Reno4 SE 8+256GB-5G全网通-超闪蓝,¥2099,//product.dangdang.com/636440872.html,
 OPPO A53 6GB+128GB-5G全网通-秘夜黑,¥1299,//product.dangdang.com/636917872.html,
 OPPO A95 8+256GB-5G全网通-曙光色,¥2049,//product.dangdang.com/636904872.html,
 OPPO Reno6 Pro+ 5G全网通拍照游戏智能手机 5000万水光四摄65W超级闪充骁龙870高感曲面屏reno,¥2998,//product.dangdang.com/11005575456.html,1条评论
 小米10 Pro 双模5G 移动联通电信5G全网通拍照智能手机 骁龙865 1亿像素8K电影相机 50倍数字变焦手机,¥3748,//product.dangdang.com/679235204.html,
 三星 Galaxy S20+（SM-G9860）骁龙865芯片6.7英寸全面屏四摄 双卡双待 5G全网通手机,¥5298,//product.dangdang.com/641829204.html,
 纽曼 M560直板老人手机大字大声老年机 持久长待机移动老人机 清晰音质 一键拨号 大字大声老人机,¥129.00,//product.dangdang.com/1438904264.html,12条评论
 荣耀Play5T Pro 6400万双摄 6.6英寸全视屏 22.5W超级快充 4000mAh大电池 全网通版 8GB+,¥1068,//product.dangdang.com/11080497271.html,
 纽曼 F6翻盖全网通4G手机男女款老人商务持久待机老年机移动手写双卡大声 移动翻盖老人手机大字大声老年手机,¥279.00,//product.dangdang.com/673887372.html,
 OPPO Find X3 Pro 5G 12+256GB镜黑,¥5499,//product.dangdang.com/633217372.html,
 vivo Y32 5000mAh大电池18W快充骁龙八核处理器后置1300万清晰影像新品手机y32,¥1068,//product.dangdang.com/11098139426.html,
 飞利浦（PHILIPS）E218L 移动2G 翻盖老人手机 双卡双待老年机 学生备用功能机,¥275.00,//product.dangdang.com/11047493464.html,
 飞利浦（PHILIPS） E171L 移动2G 直板老人手机 长待机老年手机 学生备用功能机 双卡双待老人手机,¥185.00,//product.dangdang.com/11047346474.html,
 华为/HUAWEI Mate40 麒麟9000E SoC芯片 超感知徕卡电影影像 有线无线双快充 5G全网通手机 8GB,¥6988,//product.dangdang.com/11015540511.html,25条评论
 飞利浦 PHILIPS E288 三防老人手机直板按键老人机 长待机移动联通2G双卡双待,¥238.00,//product.dangdang.com/11047307374.html,
 华为/HUAWEI nova 7 Pro 麒麟985 全网通5G SoC芯片 前置3200万追焦双摄 智能游戏拍照手机,¥3798,//product.dangdang.com/670876964.html,
 OPPO Reno5 Pro 8+128GB-5G全网通-月夜黑,¥3349,//product.dangdang.com/636449232.html,
 三星 Galaxy S20 Ultra（SM-G9880）骁龙865芯片100倍视觉变焦1亿像素 双卡双待 5G全网通,¥6848,//product.dangdang.com/641747324.html,
 Apple 苹果 iPhone 12 mini 苹果 全网通5G手机 64GB,¥3698,//product.dangdang.com/1816412444.html,41条评论
 车载手机支架 空调出风口磁吸式支架 中控台磁吸式仪表台 磁铁吸附 汽车手机支架 手机平板导航仪通用,¥29.00,//product.dangdang.com/1427661514.html,4条评论
 vivo iQOO Neo 5S 120Hz高刷新率 独显芯片Pro 高通骁龙888 66W闪充 高导稀土散热 5G全网,¥2598,//product.dangdang.com/11042830366.html,
 OPPO Reno4 SE 8+256GB-5G全网通-超闪黑,¥2099,//product.dangdang.com/636443492.html,
 OPPO Reno5 K 12+256GB-5G全网通-月夜黑,¥2799,//product.dangdang.com/636551492.html,
 纽曼F11翻盖移动老年手机待机声音大老年手机大屏大字男女款学生商务老人机,¥198.00,//product.dangdang.com/673909492.html,
 摩托罗拉 edge s 全网5G 90Hz刷新率 骁龙870处理器 支持20W快充 支持NFC 6400万像素 全网5G,¥1748,//product.dangdang.com/678128794.html,
 Apple 苹果13手机壳原装MagSafe磁吸iPhone13保护壳液态硅胶6.1英寸男女保护套,¥398.00,//product.dangdang.com/11099937807.html,
 OPPO A93 8GB+256GB-5G全网通-炫黑,¥1949,//product.dangdang.com/636180092.html,
 小米11青春版 8GB+128GB 骁龙780G处理器 AMOLED柔性直屏 5G时尚游戏手机,¥1698,//product.dangdang.com/627143092.html,
 小米Redmi 红米Note10 5G 4GB+128GB 天玑700 6.5英寸FHD+高清屏 18W快充 游戏智能手,¥998.00,//product.dangdang.com/11016566254.html,
 [华为智选]优畅享 20 全网通5G版 天玑720芯片 大电池 6.6英寸高清大屏 智能拍照手机,¥1238,//product.dangdang.com/11047528296.html,
 荣耀 畅玩 30 Plus 全网通5G 22.5W超级快充 5000mAh大电池 6.74英寸高刷护眼屏 智慧运存拓展手,¥1098,//product.dangdang.com/11045180316.html,
 【支持当当礼卡】华为66W充电器氮化镓超薄充电器Max 66W纤薄机身\GaN氮化镓技术\多品类设备兼容,¥265.00,//product.dangdang.com/1487242270.html,9条评论
 【支持当当礼卡】AFTERSHOKZ 韶音ASC100 OpenComm骨传导蓝牙通讯耳机专业通讯耳机直播网课耳麦 灰色,¥1188,//product.dangdang.com/1271935270.html,
 vivo S9e双模vivo 8+256GB黑曜石,¥2499,//product.dangdang.com/650245350.html,
 vivo Y10 (t1版) 5000mAh超长待机 128GB随心存储 疾速侧面指纹 全网通智能手机,¥1078,//product.dangdang.com/11111528375.html,
 vivo iQOO U1x智能手机 6+128GB-曜光黑,¥1149,//product.dangdang.com/652077380.html,
 vivo iQOO Z3 5g 8+128GB云氧,¥1749,//product.dangdang.com/651599380.html,
 vivo S9e双模vivo 8+256GB星夜极光,¥2499,//product.dangdang.com/650246380.html,
 OPPO A95 8+128GB-5G全网通-炫光黑,¥1749,//product.dangdang.com/636900392.html,
 小米MI 小米11 Pro 8GB+128GB 骁龙888 2K AMOLED四曲面柔性屏 智能手机 环保版 简配无充电,¥3298,//product.dangdang.com/680788460.html,
 华为nova8pro 4G手机【支持升级鸿蒙系统】8GB+128GB,¥3298,//product.dangdang.com/11001774881.html,23条评论
 小米12X 骁龙870 黄金手感 6.28英寸视感屏 120Hz高刷 5000万超清主摄 67W快充 8GB+128GB,¥2898,//product.dangdang.com/11072921881.html,
 飞利浦（PHILIPS） E525 移动联通4G 智能老人手机 功能机4G 直板按键 老年手机 学生备用机,¥348.00,//product.dangdang.com/11047415254.html,
 OPPO A36 轻薄机身 大电池长续航 90Hz护眼屏 大内存游戏拍照手机oppoa35/11s升级款手机oppoa3,¥1548,//product.dangdang.com/11085503356.html,
 Apple 苹果 iPhone 12 mini 5G手机 绿色 全网通 128GB,¥4488,//product.dangdang.com/640962418.html,
 三星Galaxy S21+ 三星G9960 全网通5G手机 6400万超高清专业摄像 6.2英寸120Hz超顺滑护目屏,¥5498,//product.dangdang.com/641438504.html,
 全新正品国行 华为 mate10 /Mate10 Pro 全网通移动联通电信4G 拍照游戏音乐安卓智能手机,¥1698,//product.dangdang.com/653798514.html,
 小米（MI）Redmi 10XPro 红米10x pro 全网通5G移动联通电信 游戏拍照智能手机 水滴全面屏手机,¥1748,//product.dangdang.com/678950544.html,
 三星 Galaxy A51 5G（SM-A5160）双模5G Super AMOLED屏 后置四摄 3200万前置 双卡,¥1848,//product.dangdang.com/641626514.html,
 Xiaomi/小米（mi） Mix2S 移动联通电信4G全网通 安卓智能游戏音乐拍照 手机,¥1268,//product.dangdang.com/678228514.html,
 Apple 苹果 iPhone 12 Pro Max 5G手机 石墨色 全网通 128GB,¥9458,//product.dangdang.com/641007588.html,
 Apple 苹果 iPhone 12 mini 苹果 全网通5G手机 256GB,¥4688,//product.dangdang.com/655354657.html,
 Apple 苹果 iPhone 12 mini 5G手机 蓝色 全网通 64GB,¥4128,//product.dangdang.com/640939628.html,1条评论
 Apple 苹果 iPhone 12 mini 5G手机 绿色 全网通 256GB,¥5288,//product.dangdang.com/640999628.html,
 荣耀Play5T 快充 5000mAh超大电池 6.5英寸高清护眼屏 1300万AI高清双摄 全网通智能手机,¥1128,//product.dangdang.com/668170014.html,
 三星 Galaxy S20（SM-G9810）骁龙865芯片6.2英寸全面屏三摄 双卡双待 5G全网通手机,¥5098,//product.dangdang.com/641793014.html,
 荣耀（honor）20 青春版 全网通移动联通电信4G AMOLED光学屏幕指纹 安卓智能手机,¥1498,//product.dangdang.com/678120334.html,
 Apple iPhone 13 专用 MagSafe 硅胶保护壳 iPhone保护套 手机壳,¥388.00,//product.dangdang.com/11033831361.html,
 vivo S9前置超清6nm旗舰芯片 8+256GB-子夜蓝,¥2799,//product.dangdang.com/651602480.html,
 纽曼F9 翻盖电信版版老年手机大屏大字大声移动老人手机 2.8英寸双大屏 持久待机男女款,¥258.00,//product.dangdang.com/673881742.html,
 【支持当当礼卡】华为HUAWEI 原装车载充电器 超级快充无线车充（Max 50W）适用Mate40Pro+/P40Pr,¥315.00,//product.dangdang.com/1366479767.html,6条评论
 三星Galaxy S22/三星S9010 三星 S22+/三星 S9060 全网通5G智能数码手机 Samsung全网通,¥4948,//product.dangdang.com/11098244906.html,
 中兴 S30 SE 5G全网通 4800万像素 6000mAh大电池 智能手机,¥1278,//product.dangdang.com/11013935326.html,
 三星Galaxy Note20 （SM-N9810）双模5G 骁龙865+ 游戏拍照手机,¥4498,//product.dangdang.com/641609334.html,
 vivo Y52s 5G全网通 90Hz高刷新率灵动护眼屏 5000mAh电池+18W双引擎闪充 4800万后置摄像手机,¥1348,//product.dangdang.com/657389364.html,
 vivo iQOO Neo3 高通骁龙865 144Hz竞速屏 立体双扬 44W闪充 双模5G全网通手机,¥2196,//product.dangdang.com/658350334.html,
 小米Redmi 红米Note9 全网通4G手机 6000mAh大电池 骁龙662处理器 4GB+128GB,¥895.00,//product.dangdang.com/679440360.html,1条评论
 小米(MI) Redmi Note 11 Pro+ 移动电信联通全网通5G 一亿像素超清相机 天机920 智能手机,¥2168,//product.dangdang.com/11024948376.html,
 Apple 苹果 iPhone 12 5G手机 黑色 全网通 64GB,¥5188,//product.dangdang.com/640880408.html,
 华为 HUAWEI P50 Pocket 4G全网通 超光谱影像系统 创新双屏操作体验 P50宝盒华为折叠屏手机,¥8598,//product.dangdang.com/11081662416.html,
 荣耀 50 全网通 1亿像素超清影像 66W超级快充 10亿色超曲屏 高通骁龙778G 5G手机,¥2498,//product.dangdang.com/11015691576.html,
 海信（Hisense）R12 全网通5G移动电信联通手机 6.52英寸水滴屏手机,¥1998,//product.dangdang.com/11011258476.html,
 小米10S 骁龙870 哈曼卡顿对称式双扬立体声 8GB+128GB手机,¥2398,//product.dangdang.com/679528610.html,
 SAMSUNG三星 G3589W 四核电信4G 天翼智能手机 双卡4.7英寸手机 支持NFC,¥268.00,//product.dangdang.com/11033625926.html,
 vivo X60 8G+128G 旗舰5G新品手机 三星Exynos 1080 5nm旗舰芯片 蔡司光学镜头 专业影像旗,¥2448,//product.dangdang.com/657326634.html,2条评论
 OPPO A52 超清灵点全面屏 5000mAh超大电池 18W疾速快充 星阵AI四摄 美颜夜景自拍 全网通4G智能手机,¥1446,//product.dangdang.com/665744614.html,
 荣耀X10 MAX 7.09英寸RGBW护眼阳光屏 5000mAh大电池 对称式双扬声器 大屏 全网通5G智能手机,¥2548,//product.dangdang.com/670290644.html,
 Samsung/三星 J7 Galaxy SM-J7008 三星 J7008八核移动4G双卡5.5英寸16G内存支持NF,¥598.00,//product.dangdang.com/677151614.html,
 realme 真我 GT2 Pro 移动联通电信全网通5G手机 骁龙8 Gen1 360°NFC 生物基材料设计超广角摄,¥4248,//product.dangdang.com/11109578775.html,
 华为HUAWEI FreeBuds 3 无线充版真无线蓝牙主动降噪无线耳机,¥645.00,//product.dangdang.com/664648792.html,30条评论
 小米 Redmi 红米Note9 Pro 8GB+128GB 5G手机,¥1328,//product.dangdang.com/637332782.html,
 荣耀(honor) 荣耀X20 5G全网通5G智能拍照游戏手机 120Hz超窄全视屏 66W超级快充 荣耀x20 5g新,¥1498,//product.dangdang.com/691901814.html,
 vivo Y7s 全面屏拍照屏幕指纹大电池手机 全网通4G手机,¥1332,//product.dangdang.com/659577804.html,
 OPPO Reno3 Pro 一体化双模5G 90Hz 高感屏 7.96mm轻薄机身 6400万超清四摄 全网通拍照手机,¥2348,//product.dangdang.com/667420844.html,
 华为/HUAWEI 畅享20 Pro 全网通5G 6.5英寸 90Hz畅滑屏 安卓游戏 超广角AI三摄全面屏手机,¥1978,//product.dangdang.com/670696824.html,
 小米 (MI)Redmi Note 9 红米 Note9 全网通4G/5G移动电信联通 5000mAh长续航 旗舰双5G,¥968.00,//product.dangdang.com/678472834.html,
 三星Galaxy Z Fold2 5G (SM-F9160)折叠屏 双模5G 骁龙865+ 7.6英寸 内外双屏智能手机,¥9898,//product.dangdang.com/641461804.html,
 ZTE/中兴 BA603 全网通4G 联通移动电信 四核 5英寸 安卓智能老人手机,¥286.00,//product.dangdang.com/680753854.html,
 OPPO Reno4 Pro 双模5G 65W超级闪充 超级夜景视频 7.6mm超轻薄设计 拍照游戏智能手机,¥2596,//product.dangdang.com/665734884.html,
 荣耀X20 66W超级快充 120Hz高刷屏 6400万超清影像 4300mAh 全网通版 8GB+128GB,¥1378,//product.dangdang.com/11090819521.html,
 荣耀50 Pro 1亿像素超清影像 5G 6.72英寸超曲屏 100W超级快充 前置视频双摄 全网通版8GB+256GB,¥2488,//product.dangdang.com/11078895491.html,
 华为畅享20SE 全网通4G手机 22.5W快速充电 5000mAh大电池 8GB+128GB,¥1738,//product.dangdang.com/11000713511.html,
 荣耀60 Pro 12GB+256GB 5G全网通 66W超级快充 4800mAh超长续航,¥3568,//product.dangdang.com/11046901524.html,
 飞利浦(PHILIPS)E186A 老人手机 移动联通2G 学生 双卡双待 老年功能机大按键大字体大音量,¥179.00,//product.dangdang.com/11047339524.html,
 诺基亚 NOKIA G50 全网通移动联通电信三网5G智能手机 全面屏 大字体 大音量 双卡双待,¥1798,//product.dangdang.com/11015936246.html,
 Coolpad酷派 C588S 2.4寸屏 蓝牙 可拆摄像头 全网通安卓 按键 WIFI老人手机 按键手机 完美外观,¥178.00,//product.dangdang.com/679511574.html,
 小米 Redmi 红米Note9 Pro 5G手机 8GB+256GB,¥1368,//product.dangdang.com/665942657.html,
 三星Note7原装智能皮套 视窗折叠支架壳N9300立式保护套翻盖,¥315.00,//product.dangdang.com/1081483648.html,
 努比亚 红魔6 165Hz屏幕刷新率 骁龙888 66W充电 5050毫安电池游戏手机,¥3048,//product.dangdang.com/11095533676.html,
 Apple 苹果 iPhone 12 苹果 全网通5G手机 256GB,¥5998,//product.dangdang.com/660294697.html,26条评论
 三星 Galaxy S9+（SM-G9650）全网通4G 6+64G/128G 双卡双待 智能手机,¥2498,//product.dangdang.com/681250424.html,
 三星 Galaxy Note10+（SM-N9760）5G版 12GB+256GB 莫奈彩 智能S Pen骁龙855芯片,¥4898,//product.dangdang.com/643253774.html,
 OPPO K7x 全网通5G版 30W VOOC闪充 90Hz电竞屏 双模5G数字移动电话机 拍照游戏手机,¥1198,//product.dangdang.com/662465774.html,
 小米12 Pro 5G手机 12GB+256GB 骁龙8 Gen1 2K AMOLED 120Hz超刷 全网通5G智能手,¥5098,//product.dangdang.com/11104509833.html,
 努比亚(nubia) 红魔 6R 5G全网通 骁龙888芯片 144Hz刷新率400Hz触控游戏肩键 电竞游戏手机,¥2398,//product.dangdang.com/11096750466.html,
 Apple苹果 Thunderbolt 至千兆以太网转接器 MD463FE/A 原装 苹果认证！,¥388.00,//product.dangdang.com/1110287470.html,
 荣耀Magic V MagicV新品5G折叠屏旗舰手机 12GB+256GB,¥12699,//product.dangdang.com/11101844470.html,
 【支持当当礼卡】苹果Apple AirPodsPro 配MagSafe无线充电盒 主动降噪无线蓝牙耳机 适用iPhone,¥1899,//product.dangdang.com/1110346470.html,25条评论
 【支持当当礼卡】Apple苹果 Apple 30W USB-C 电源适配器 适用于IPAD air PRO MINI I,¥335.00,//product.dangdang.com/1110297470.html,
 【支持当当礼卡】Apple 采用Lightning闪电接头的EarPods耳机 iPhone iPad有线耳机 手机耳机,¥145.00,//product.dangdang.com/1110339470.html,17条评论
 vivo iQOO Z3 5g 6+128GB深空,¥1649,//product.dangdang.com/651597520.html,
 vivo iQOO U1x智能手机 6+64GB-曜光黑,¥949.00,//product.dangdang.com/652071520.html,
 守护宝（上海中兴）w2020 W20 双屏手机翻盖安卓智能手机双触摸 移动联通电信全网通4G 双卡双待手机,¥1248,//product.dangdang.com/637840554.html,
 vivo iQOO U3 5G全网通 天玑800U 90Hz竞速屏 5000mAh大电池+18W双引擎闪充强续航智能手机,¥1086,//product.dangdang.com/11005638716.html,1条评论
 国行三星 Galaxy Z Flip（SM-F7000）6.7英寸掌心折叠屏设计 8+256G 移动联通电信全网通4G智,¥4598,//product.dangdang.com/653664564.html,
 OPPO A8老人机 4+128GB-4G全网通-秘夜黑,¥949.00,//product.dangdang.com/636574602.html,
 oppo k7x oppo新品新款 6+128GB-5G全网通-黑镜,¥1299,//product.dangdang.com/633224602.html,
 小米(MI) 小米6X 全网通移动联通电信4G 安卓智能拍照游戏音乐手机,¥888.00,//product.dangdang.com/679415544.html,
 荣耀 30 青春版 5G双模全网通 6.5英寸柔滑全速屏 移动联通电信拍照智能手机双卡双待,¥1798,//product.dangdang.com/670834574.html,
 三星 I8250 移动3G 黑色 4英寸 老人老年学生备用手机,¥186.00,//product.dangdang.com/649849544.html,
 vivo Y30g 全网通4G 高能存储拍照游戏全面屏快充大电池手机,¥1468,//product.dangdang.com/653906544.html,
 中兴ZTE 天机 Axon 11 轻薄AMOLED双曲面屏 镭射黑6400万四摄 视频防抖游戏拍照双模5G,¥2098,//product.dangdang.com/11058052366.html,
 荣耀X30 Max 5G手机 8GB+256GB 7.09英寸 5000mAh大电池 6nm疾速5G芯 6400万高清影,¥2398,//product.dangdang.com/11038611554.html,1条评论
 Apple 苹果 iPhone 12 5G手机 白色 全网通 256GB,¥6388,//product.dangdang.com/640912628.html,
 荣耀 Magic3 骁龙888 6.76英寸超曲屏 多主摄计算摄影 66W超级快充 4600mAh大电池 全网通版 8G,¥3888,//product.dangdang.com/11056235636.html,
 三星Galaxy S22 Ultra 三星 S9080 5G智能数码手机 超视觉夜拍系统 超耐用精工设计 大屏S Pen,¥9199,//product.dangdang.com/11098640666.html,
 华为 畅享6（NCE-TL00）移动全网通4G 5英寸智能安卓手机,¥498.00,//product.dangdang.com/11002957636.html,1条评论
 小米12 全新一代 骁龙8 5000万主摄 6.28″超视感屏万物追焦 4500mAh 67W+50W秒充 小米旗舰手机,¥4048,//product.dangdang.com/11048218676.html,
 中兴Axon 30全新一代屏下摄像手机 AMOLED 120HZ屏 骁龙870 55W快充A30屏下游戏双5G手机,¥2098,//product.dangdang.com/11096746646.html,
 OPPO A53 6GB+128GB-5G全网通-流光紫,¥1299,//product.dangdang.com/636912652.html,
 Apple 苹果 iPhone 12 mini 5G手机 蓝色 全网通 128GB,¥4488,//product.dangdang.com/640959728.html,2条评论
 OPPO A72 4+128GB-5G全网通-氧气紫,¥1149,//product.dangdang.com/636925792.html,
 小米11 (5G) 骁龙888处理器 1亿像素游戏手机 12GB+256GB,¥3198,//product.dangdang.com/679859840.html,
 vivo iQOO U3x 6+64GB-雅灰,¥1149,//product.dangdang.com/650248840.html,
 vivo S9前置超清6nm旗舰芯片 8+128GB-子夜蓝,¥2699,//product.dangdang.com/651601840.html,
 小米 红米Note9 5G手机 8GB+256GB,¥1368,//product.dangdang.com/679513980.html,1条评论
 vivo iQOO 7 骁龙888处理器 8+256GB-5G全网通-潜蓝,¥3848,//product.dangdang.com/622215960.html,
 三星 Galaxy A6s (SM-G6200) 渐变色 全面屏 全网通4G 智能手机,¥996.00,//product.dangdang.com/11098846986.html,
 荣耀 畅玩7 全网通4G 双卡双待 5.45英寸三卡槽设计 安卓智能手机,¥548.00,//product.dangdang.com/674424974.html,
 小米充电宝移动电源3 10000毫安 小巧便携快充迷你金属,¥99.00,//product.dangdang.com/1862992480.html,4条评论
 三星（SAMSUNG）W2018/ W2018+ 移动联通电信4G手机 翻盖智能手机 双卡双待 典藏尊铂,¥5998,//product.dangdang.com/667582474.html,
 上海 中兴 守护宝 F20 6.08英寸大屏 全网通 4G 双卡双待 智能老人老年学生备用手机,¥536.00,//product.dangdang.com/638676494.html,
 魅非背夹电池可充电手机壳充电宝DY-02,¥198.00,//product.dangdang.com/1858910514.html,
 守护宝 上海中兴 K299 全网通4G 老年机翻盖手机大屏大字大声老人电信移动联通手机按键手机,¥349.00,//product.dangdang.com/638370514.html,
 realme 真我GT Neo 闪速版 全网通5G 天玑1200旗舰芯 65W智慧闪充 120Hz Super AMOL,¥1698,//product.dangdang.com/11027194566.html,
 荣耀X30 骁龙6nm疾速5G芯 66W超级快充 120Hz全视屏 全网通版 6GB+128GB,¥1498,//product.dangdang.com/11094276551.html,
 毕亚兹 苹果X手机壳iPhoneX超薄iPhone带指环扣支架全包8x潮牌个性创意男 王者,¥48.00,//product.dangdang.com/1056089614.html,
 荣耀X30 6GB+128GB 骁龙6nm疾速5G芯 66W超级快充 120Hz全视屏 全网通版,¥1498,//product.dangdang.com/11066797614.html,
 小米11 5G 8GB+128GB 骁龙888 2K AMOLED四曲面柔性屏 1亿像素 游戏手机,¥2798,//product.dangdang.com/1808538618.html,1条评论
 华为/HUAWEI P50 Pocket 4G 超光谱影像系统 创新双屏操作体验 8GB+256GB 晶钻白 P50宝盒,¥8688,//product.dangdang.com/11109784508.html,
 小米12 12GB+256GB 黄金手感 6.28英寸视感屏 120Hz高刷 5000万超清主摄 67W快充 全网通5G,¥4198,//product.dangdang.com/11104502573.html,
 华为 畅享 20e 全网通4G 5000mAh大电池强劲续航 6.3英寸高清大屏智能手机,¥1028,//product.dangdang.com/11024423666.html,
 华为(HUAWEI)华为Mate 40 RS 保时捷设计 5G 全网通 麒麟9000 移动联通电信5G手机 华为mate,¥10588,//product.dangdang.com/11015546651.html,25条评论
 华为/HUAWEI P50 搭载HarmonyOS 2 原色双影像单元 万象双环设计 4G全网通手机,¥5798,//product.dangdang.com/11024425666.html,
 OPPO Reno6 Pro 5G全网通拍照游戏智能手机 6400万水光四摄 65W超级闪充 90Hz高感屏,¥2598,//product.dangdang.com/11005575666.html,
 Apple iPhone 13 mini 双摄系统 5.4英寸 高速 A15仿生芯片 XDR显示屏 移动联通电信5G全网,¥5198,//product.dangdang.com/11009491686.html,
 OPPO K9s X轴线性马达 120Hz电竞屏 骁龙778G 智能拍照游戏5G双模全网通手机,¥1468,//product.dangdang.com/11021815686.html,
 黑鲨 4S 移动联通电信全网通5G游戏手机 磁动力升降肩键 120W闪充 高通骁龙870 三星144Hz电竞屏手机,¥2848,//product.dangdang.com/11025805666.html,
 vivo T1x 天玑900芯片 120Hz屏幕刷新率 5000mAh续航 44W闪充 6400万高清影像 5G双模手机,¥1398,//product.dangdang.com/11023994996.html,
 荣耀畅玩30 Plus 22.5W超级快充 5000mAh长续航 6.74英寸高刷护眼大屏 全网通 6GB+128GB,¥1188,//product.dangdang.com/11096332561.html,
 华为/HUAWEI P40 Pro+ 麒麟990 全网通5G 徕卡五摄 四曲满溢屏 移动电信联通智能手机,¥7198,//product.dangdang.com/670833574.html,
 荣耀 play 4T 全网通4G 人脸指纹双解锁 4000mAh大电池 4800万AI摄影 6.39英寸魅眼屏,¥1078,//product.dangdang.com/670845784.html,
 荣耀Play4T手机 4000mAh大电池4800万AI摄影6.39英寸魅眼屏 6GB+128GB,¥988.00,//product.dangdang.com/11079631681.html,
 Nokia/诺基亚 800 DS 三防功能老人手机4G全网通直板按键超长待机电信老年机军工品质 黑色,¥768.00,//product.dangdang.com/653496774.html,
 vivo iQOO 7 骁龙888处理器 12+256GB-5G全网通-传奇版,¥4148,//product.dangdang.com/622216920.html,
 SAMSUNG/三星Galaxy Watch Active智能手表多功能运动防水R500手表国行未拆封,¥1498,//product.dangdang.com/1236946922.html,4条评论
 一加 OnePlus 9 Pro 5G手机 骁龙888 一加|哈苏 手机影像系统 6.7 英寸 亿元主摄 120Hz柔性,¥4198,//product.dangdang.com/11029955976.html,
 OPPO A32 8+128GB-4G全网通-薄荷绿,¥1399,//product.dangdang.com/636943952.html,
 小米Redmi 红米Note9 全网通4G手机 6000mAh大电池 骁龙662处理器 6GB+128GB,¥988.00,//product.dangdang.com/679448950.html,
 荣耀 X30i 7.45mm超薄全视屏 22.5W超级快充 6nm 5G疾速芯 全网通版 5G手机,¥1548,//product.dangdang.com/11023069976.html,
 vivo S9e双模vivo 8+128GB星夜极光,¥2299,//product.dangdang.com/650244950.html,
 华为(HUAWEI) P30 Pro 麒麟980 超感光徕卡四摄 全网通版 移动联通电信4G手机,¥4999,//product.dangdang.com/11052897026.html,
 vivo Y70s 全网通5G 拍照游戏全面屏大电池 4800万智慧影像 4500mAh闪充智能手机,¥1548,//product.dangdang.com/657872004.html,
 华为 HUAWEI P8 青春版 移动4G双卡 5.0英寸屏 2+16G 安卓智能手机,¥348.00,//product.dangdang.com/671690974.html,
 小米 (MI) 小米9 4800万超广角微距三摄 骁龙855 移动全网通4G+ 透明版 全面屏拍照游戏智能手机双卡双待,¥2298,//product.dangdang.com/679407004.html,
 SAMSUNG/三星 GT-I9268 安卓智能双核4.6英寸1+4G 移动3G手机 备用手机全新国行,¥199.00,//product.dangdang.com/666233974.html,
 荣耀(honor) Play3e 全网通4G 八核处理器 5.71英寸全面屏 游戏拍照音乐智能手机,¥728.00,//product.dangdang.com/671586994.html,
 OPPO Find N 全新折叠旗舰 双模5G 多角度自由悬停 120Hz镜面折叠屏手机,¥8998,//product.dangdang.com/11042688356.html,
 上海中兴 守护宝 L980 移动卡双待 老人手机 老年版直板手机 按键手机 学生手机,¥195.00,//product.dangdang.com/639583934.html,
 诺基亚 C6-00 非智能机 移动2G支持 老人老年学生备用手机滑盖手机经典手机,¥496.00,//product.dangdang.com/640675934.html,
 vivo X60 Pro 12G+256G 年度旗舰双模5G新品手机 三星Exynos 1080 5nm旗舰芯片,¥3148,//product.dangdang.com/654745934.html,
 荣耀X20 66W快充 120Hz高刷屏 6400万影像 4300mAh 6GB+128GB 全网通版,¥1398,//product.dangdang.com/11001049974.html,3条评论
 小米 红米Redmi Note 11 5G 天玑810 5000mAh大电池 立体声双扬声器 8GB+128GB 智能手,¥1458,//product.dangdang.com/11022416984.html,
 OPPO Reno5 Pro+ 8+128GB-5G全网通-星河入梦,¥3949,//product.dangdang.com/633370402.html,
 纽曼S90 翻盖移动版老人手机大字大声大屏老年机待机正品男女商务备用机,¥198.00,//product.dangdang.com/673895402.html,
 vivo iQOO U3x 8+128GB-幻蓝,¥1449,//product.dangdang.com/650250470.html,
 vivo S7e双模vivo s7E 8+128GB银月,¥2148,//product.dangdang.com/650247470.html,
 Apple 苹果 iPhone 12 Pro Max 5G手机 全网通 512GB,¥9488,//product.dangdang.com/678714470.html,
 摩托罗拉（Motorola）GP328D+ 数字对讲机 专业商用手持对讲机,¥2960,//product.dangdang.com/1113406522.html,1条评论
 小米 红米note11 新品5G手机 8GB+256GB,¥1588,//product.dangdang.com/11036134561.html,
 vivo X60机5nm旗舰芯片蔡司光学镜头 12+256GB-5G全网通-华彩,¥3299,//product.dangdang.com/622208670.html,
 小米12 Pro 5G手机 8GB+256GB 骁龙8 Gen1 2K AMOLED 120Hz超刷 全网通5G智能手机,¥4688,//product.dangdang.com/11104509753.html,
 SAMSUNG/三星 SCH-E339直板手机按键手机学生手机老人手机 电信版手机不能支持移动联通网络,¥198.00,//product.dangdang.com/671376854.html,
 中兴（ZTE） 天机A20 中兴 AXON 20 全网通5G 新品旗舰手机 屏下摄像手机 双卡双待手机,¥1898,//product.dangdang.com/680137914.html,
 vivo Z5X 极点屏手机 5000mAh大电池 三摄拍照手机全网通4G安卓智能游戏音乐手机,¥1248,//product.dangdang.com/659507914.html,
 荣耀30S 全网通5G 梦幻3D蝶羽光效 麒麟820 5G芯片 6400万全焦段四摄 40W超级快充 全面屏手机,¥2698,//product.dangdang.com/671534914.html,
 Samsung/三星E329 直板手机按键手机电信3G 商务 老年人机 超长待机大字学生备用机不支持移动联通,¥199.00,//product.dangdang.com/671378254.html,
 Huawei/华为 T2011 移动3G手机直板小学生备用手机直板手机按键手机老人机不支持联通电信,¥248.00,//product.dangdang.com/671729254.html,
 诺基亚（NOKIA）125新 移动2G 双卡双待 备用功能机 老人机 按键手机 直板手机 学生手机,¥206.00,//product.dangdang.com/640318254.html,
 小米(MI)小米11青春版 5G全网通 标准版 骁龙780G处理器 AMOLED柔性直屏5G拍照游戏手机,¥1868,//product.dangdang.com/684019284.html,
 小米Redmi 红米K40 12GB+256GB 骁龙870 三星AMOLED 120Hz高刷直屏 游戏电竞智能5G手机,¥2098,//product.dangdang.com/638401362.html,3条评论
 oppo k7x oppo新品新款 8GB+128GB-5G全网通-黑镜,¥1399,//product.dangdang.com/633231862.html,
 OPPO Reno5 K 8+128GB-5G全网通-恋恋青风,¥2399,//product.dangdang.com/636548862.html,
 三星s9手机壳原装 s9+plus欧缔兰绒面保护套防摔后壳手机皮套,¥388.00,//product.dangdang.com/1333974959.html,
 Philips/飞利浦E517A 老人机持久待机老年手机移动联通4G备用大屏大字大声功能按键直板智能小手机,¥278.00,//product.dangdang.com/11047407014.html,
 守护宝 上海中兴K189 大喇叭支持WIFI蓝牙超长待机电信4G老人手机,¥228.00,//product.dangdang.com/11019454266.html,
 Apple iPhone 13 Pro Max (A2644) 128GB 银色 支持移动联通电信5G 双卡双待手机,¥9188,//product.dangdang.com/11024005266.html,
 守护宝（上海中兴）K580 老人手机 4G全网通 带定位 老人老年手机 双卡双待超长待机 儿童学生手机,¥298.00,//product.dangdang.com/11003834266.html,
 荣耀畅玩20Pro 手机 6.53英寸全网通4G 8GB+128GB 智能手机,¥1198,//product.dangdang.com/11010218294.html,
 华为P50 4G新品手机 搭载HarmonyOS系统 8GB+128GB,¥4698,//product.dangdang.com/11029044321.html,
 华为智选 Hi nova 9 Pro 5G新品手机 hinova 双3200万前置Vlog镜头,¥3198,//product.dangdang.com/11057507331.html,
 Apple苹果13Pro手机壳MagSafe磁吸适配iPhone13Pro硅胶保护套 iPhone13Pro硅胶保护壳,¥398.00,//product.dangdang.com/11099897327.html,
 守护宝（上海中兴）K288 移动联通电信三网4G老人机 双卡双待超长待机老人手机 功能机备用老年机,¥268.00,//product.dangdang.com/638360344.html,
 酷派 锋尚MAX(Coolpad A8-930)尊 爵金3+32G安卓八核智能全网通4G手机,¥496.00,//product.dangdang.com/678965344.html,
 联想K6畅享版 AI后置三摄相机 6.22英寸水滴全面屏 八核处理器 联想智能手机,¥868.00,//product.dangdang.com/691327344.html,
 小米Redmi note10 红米Note10 全网通5G 5000mAh大电量 天玑700八核高性能芯片手机,¥1098,//product.dangdang.com/678238374.html,1条评论
 Apple 苹果 iPhone 13 mini 5G手机 星光色 128GB,¥5088,//product.dangdang.com/11014298398.html,
 守护宝上海中兴K399 超长待机全网通4G 老人机翻盖手机双屏大字大声老人手机电信版老人年机老年手机,¥399.00,//product.dangdang.com/637945704.html,
 飞利浦(PHILIPS)E515A 陨石黑 移动联通电信三网4G 翻盖老人手机 功能机4G 双卡双待老年手机学生备用机,¥428.00,//product.dangdang.com/11047395744.html,
 Apple 苹果 iPhone 12 mini 5G手机 紫色 全网通 256GB,¥5288,//product.dangdang.com/640988768.html,
 【支持当当礼卡】苹果Apple AirTag 追踪器 适用于 iPhone iPad防丢器钥匙钱包iphone手机专用定,¥225.00,//product.dangdang.com/1480696429.html,4条评论
 小米MI 小米11 Pro 8GB+128GB 骁龙888 2K AMOLED四曲面柔性屏 智能手机 环保版 简配无充电,¥3098,//product.dangdang.com/1899811768.html,
 【支持当当礼卡】Apple苹果MagSafe 外接电池 适用于iPhone12/iPhone13系列无线磁吸式移动电源充,¥749.00,//product.dangdang.com/1488276770.html,29条评论
 Apple iPhone 13 Pro Max (A2644) 128GB 金色 支持移动联通电信5G 双卡双待手机,¥9188,//product.dangdang.com/11024005806.html,
 OPPO A11s 全网通 大内存 5000mAh超大电池 高通骁龙460 拍照游戏智能手机,¥998.00,//product.dangdang.com/11050080526.html,
 Xiaomi/小米 小米8 青春版 全网通4G手机6+64G 6.26英寸,¥998.00,//product.dangdang.com/11010388806.html,
 Apple 苹果 iPhone 13 Pro Max 5G手机 金色 全网通 128GB,¥9188,//product.dangdang.com/11014292818.html,
 Apple 苹果 iPhone 12 Pro Max 5G手机 海蓝色 全网通 256GB,¥8548,//product.dangdang.com/641006808.html,3条评论
 华为（HUAWEI)超级快充无线车充 CK030（Max 50W）碳晶黑,¥316.00,//product.dangdang.com/647495867.html,1条评论
 诺基亚C20 Plus 4G全网通老人手机工作备用学生智能手机诺基亚手机,¥796.00,//product.dangdang.com/11007012956.html,
 Apple 苹果 iPhone 12 苹果 全网通5G手机 128GB紫色,¥5198,//product.dangdang.com/660897567.html,
 小米11青春版 8GB+256GB 骁龙780G处理器 AMOLED柔性直屏 5G时尚游戏手机,¥2085,//product.dangdang.com/637243632.html,
 vivo S7t 5G全网通 前置4400万AF双摄自拍 后置6400万超感光夜摄 轻薄自拍旗舰拍照游戏智能手机,¥1696,//product.dangdang.com/654570644.html,
 荣耀 畅玩8 全网通4G 移动联通电信 双卡双待 智能手机,¥768.00,//product.dangdang.com/670740644.html,
 荣耀X20 SE 超窄边全视屏 6400万高清AI三摄 22.5W超级快充 5G全网通手机,¥1368,//product.dangdang.com/683796674.html,
 Huawei/华为 P40 Pro 煤安证MA矿用本安型防爆手机矿井RFID巡检EX煤矿井下全网通防摔手机,¥14998,//product.dangdang.com/668209294.html,
 华为/HUAWEI nova 9 Pro 双3200万前置Vlog镜头 120Hz原色臻彩环幕屏 全网通4G智能手机,¥3198,//product.dangdang.com/11010639376.html,
 荣耀 X30 66W超级快充 120Hz全视屏 骁龙6nm疾速5G芯 移动联通全网通5G版,¥1648,//product.dangdang.com/11047557456.html,
 vivo Y50t 全网通4G官方旗舰店官网新品闪充智能手机,¥1348,//product.dangdang.com/11042104356.html,
 小米12 8GB+128GB 黄金手感 6.28英寸视感屏 120Hz高刷 5000万超清主摄 67W快充 全网通5G智,¥3538,//product.dangdang.com/11104499373.html,
 华为/HUAWEI nova 9 7.77mm纤薄轻盈机身 120Hz原色臻彩环幕屏 后置5000万超感知镜头 4G版,¥2698,//product.dangdang.com/11024726426.html,
 SAMSUNG/三星 I8268 双核安卓智能移动3G手机 4G内存 安卓4.1 4.3屏,¥186.00,//product.dangdang.com/11002971396.html,
 Apple iPhone 13 Pro Max (A2644) 256GB 石墨色 支持移动联通电信5G 双卡双待手机,¥9999,//product.dangdang.com/11024007396.html,
 Meizu/魅族 魅蓝 Note5 全网通4G 指纹解锁快充学生手机,¥578.00,//product.dangdang.com/11033635406.html,
 摩托罗拉razr 5G 天选金 8GB+256GB 刀锋折叠屏手机 双模5G全网通 超薄无缝无,¥6798,//product.dangdang.com/677939484.html,
 OPPO K5 6400万超清四摄护眼水滴屏全网通4G全面屏拍照游戏智能手机,¥1798,//product.dangdang.com/667429494.html,
 Apple苹果 iPhone 11 Pro MAX 全网通手机,¥5998,//product.dangdang.com/11083645636.html,
 摩托罗拉 Moto Z ( XT1650-05 ) 模块化手机 4+64GB大内存 流金黑 全网通4G手机,¥1198,//product.dangdang.com/691546474.html,
 诺基亚(NOKIA)3310 移动2G 双卡双待手机 备用机老人机老年手机老年机 深蓝色 不支持电信卡联通,¥328.00,//product.dangdang.com/641225554.html,
 海信 E22 全网通4G通话版4+64G 双卡双待10.1英寸大屏手机学习平板护眼平板大屏手机,¥1148,//product.dangdang.com/677165954.html,
 华为P50Pro 4G手机 8GB+256GB 骁龙888芯片4G全网通手机,¥5598,//product.dangdang.com/11000215031.html,1条评论
 华为mate40e 5G手机【支持鸿蒙HarmonyOs】8GB+128GB,¥5398,//product.dangdang.com/11000004751.html,
 华为 HUAWEI 畅享10e 6.3英寸大屏幕1300万像素后置双摄 5000mAh大电池 4GB+64GB,¥1099,//product.dangdang.com/11001037731.html,
 vivo iQOO 7 骁龙888处理器 8+256GB-5G全网通-黑镜,¥3848,//product.dangdang.com/622215780.html,
 vivo iQOO 5高通骁龙865处理器 12+256GB星溯,¥4548,//product.dangdang.com/650242820.html,
 OPPO A93 8GB+128GB-5G全网通-极光,¥1599,//product.dangdang.com/636178822.html,
 OPPO Reno5 K 12+256GB-5G全网通-恋恋青风,¥2799,//product.dangdang.com/636555852.html,
 荣耀畅玩20 冰岛白-6GB+128GB,¥1099,//product.dangdang.com/621571729.html,
 三星 Galaxy A70 A7050 全网通4G 移动联通电信全面屏手机 超大屏幕 屏下指纹 双卡,¥1648,//product.dangdang.com/11009504806.html,
 OPPO Reno6 8+128GB; 5G全网通; 星河入梦,¥2699,//product.dangdang.com/11006147864.html,
 华为 畅玩6X 公开移动电信联通全网通4G尊享版 双卡双待老人机 指纹识别 5.5英寸大屏 金属机身 智能手机,¥798.00,//product.dangdang.com/673714894.html,
 小米11 (5G) 骁龙888处理器 1亿像素游戏手机 全网通8GB+256GB,¥2988,//product.dangdang.com/679850970.html,
 荣耀60 8GB+256GB 前后双曲设计 1亿像素超清摄影 高通骁龙778G 5G 66W智慧超级快充 全网通版,¥2698,//product.dangdang.com/11043990614.html,
 华为 麦芒9 全网通5G手机 双卡双待 6.8英寸屏幕 8GB+128GB,¥1268,//product.dangdang.com/11000673301.html,1条评论
 小米 红米Note9 8GB+128GB 5G手机,¥1178,//product.dangdang.com/647326522.html,1条评论
 小米 红米Redmi Note 11 Pro 5G 天玑920 1亿像素 多功能NFC X轴线性马达 智能手机 6GB+,¥1568,//product.dangdang.com/11036247671.html,
 荣耀20青春版 华为麒麟710F芯片 4800万像素 华为防爆智能手机 化工厂石油库医药煤矿井下 矿用专用a8煤安4G,¥5098,//product.dangdang.com/668224674.html,
 荣耀(honor) 9X Pro 全网通版移动联通电信4G 全面屏手机 双卡双待 智能拍照游戏手机,¥1698,//product.dangdang.com/671559684.html,
 【支持当当礼卡】华为（HUAWEI）华为NM存储卡128G 适用mate20mate30p30p40pro系列手机视频扩,¥299.00,//product.dangdang.com/1136875710.html,4条评论
 vivo iQOO 7 骁龙888处理器 8+128GB-5G全网通-潜蓝,¥3748,//product.dangdang.com/622213710.html,
 Apple 苹果 iPhone 13 Pro Max 5G手机 银色 全网通 128GB,¥9188,//product.dangdang.com/11014291758.html,
 realme 真我 V15 5G手机 50W智慧闪充 6400万多功能影像 移动联通电信5G智能拍照游戏手机,¥1248,//product.dangdang.com/11032713796.html,
 小米 Civi 8GB+256GB 3200万双柔光自拍120Hz曲面原色屏 4500mAh大电量 立体双扬声器丝绒AG,¥2388,//product.dangdang.com/11105026883.html,
 三星（SAMSUNG）G5308W 移动4G 1+8G 双卡四核 5英寸屏安卓智能手机,¥298.00,//product.dangdang.com/11082477976.html,
 Apple iPhone 13 Pro Max (A2644) 128GB 石墨色 支持移动联通电信5G 双卡双待手机,¥9188,//product.dangdang.com/11024004566.html,
 realme 真我 Q3 Pro 5G全网通手机 天玑1100旗舰芯 120Hz三星AMOLED屏 全息荧光潮玩设计,¥1548,//product.dangdang.com/11026842596.html,
 荣耀 Magic3 Pro 骁龙888Plus 6.76英寸超曲屏 多主摄计算摄影 66W有线50W无线双超级快充 12,¥5499,//product.dangdang.com/11056206596.html,
 Motorola/摩托罗拉 XT1799-2 本安型防爆手机智能手机电信石油罐化工厂天然气NFC带防爆证书,¥3298,//product.dangdang.com/678394564.html,
 Kase卡色 手机镜头 微距广角人像鱼眼 专业光学玻璃手机摄影镜头,¥298.00,//product.dangdang.com/1092785759.html,3条评论
 小米（MI）Redmi K30S 至尊纪念版 双模5G 骁龙865 智能拍照游戏5G全网通手机,¥2248,//product.dangdang.com/678436744.html,
 荣耀X10 麒麟820 双模九频5G 90Hz全速屏 4000万RYYB高感光摄影 全网通5G智能手机,¥1698,//product.dangdang.com/670838744.html,
 小米(MI) 小米8 全面屏游戏智能手机 移动全网通4G版手机,¥1448,//product.dangdang.com/678446724.html,
 Samsung/三星 SM-G6000 on7 5.5屏 全网通4G双卡手机,¥596.00,//product.dangdang.com/11008735936.html,
 Apple 苹果 iPhone 12 5G手机 蓝色 全网通 64GB,¥4758,//product.dangdang.com/640894758.html,
 Apple 苹果 iPhone 11 Pro Max 手机 金色 全网通 64GB,¥6988,//product.dangdang.com/699024800.html,22条评论
 小米Redmi 红米K30至尊纪念版 5G智能手机 8GB+128GB,¥2036,//product.dangdang.com/683125800.html,
 中兴(ZTE)V890 高配全网通4G 支持NFC 骁龙八核处理器 后置双摄 安全智能手机,¥1648,//product.dangdang.com/680703784.html,
 荣耀X20 66W超级快充 120Hz高刷屏 6400万超清影像 4300mAh 全网通版 8GB+256GB,¥1658,//product.dangdang.com/11091595851.html,
 vivo iQOO U1x智能手机 6+64GB-晨霜白,¥949.00,//product.dangdang.com/652069850.html,
 铁三角(audio-technica) ATH-CK330iS WH 智能型手机专用耳塞式通话耳机 时尚入耳式耳机,¥199.00,//product.dangdang.com/1384453867.html,
 vivo NEX 3S 双模5G 无界瀑布屏闪充大电池游戏拍照全网通游戏拍照手机,¥3998,//product.dangdang.com/658390974.html,
 正品全新国行Nokia/诺基亚 X3-02 联通3G移动2G 按键手机直板手机手写老年人功能手机学生手机,¥299.00,//product.dangdang.com/640239964.html,
 Samsung/三星 Galaxy C5 Pro C5010 双卡双待 全网通4G手机,¥748.00,//product.dangdang.com/11108834246.html,
 荣耀 X20 6400万超清影像 66W超级快充 4300mAh 120Hz高刷屏 全网通5G版,¥1678,//product.dangdang.com/11000835006.html,
 Nokia/诺基亚 8110 移动联通双4G 中老年学生滑盖备用手机 香蕉手机,¥486.00,//product.dangdang.com/641227794.html,
 荣耀畅玩30Plus 6GB+128GB 22.5W快充 5000mAh长续航 6.74英寸高刷护眼大屏 全网通,¥1245,//product.dangdang.com/11066801784.html,
 守护宝（上海中兴）K210 4G全网通 老人手机带定位 直板按键 老人老年手机 儿童学生备用功能机,¥228.00,//product.dangdang.com/637938814.html,1条评论
 Samsung/三星 S5368移动3G单核 单卡安卓智能 触屏备用机 老人手机学生手机,¥148.00,//product.dangdang.com/666219814.html,
 诺基亚8000 老年4g手机全网通电信老人机超长待机大屏大字大声音学生备用老年机直板手机按键手机,¥668.00,//product.dangdang.com/677478814.html,
 上海中兴 守护宝 L550 直板按键 超长待机 双卡双待老人手机 学生备用老年功能机,¥178.00,//product.dangdang.com/639536814.html,1条评论
 三星(SAMSUNG) Galaxy S8(G9500) 全网通双卡手机 4G手机,¥1898,//product.dangdang.com/648731824.html,
 酷派COOL20 全网通4G 八核处理器 6.52英寸水滴屏 4800万主摄 4500毫安大电池 人脸解锁 双卡时尚手机,¥798.00,//product.dangdang.com/11109305526.html,
 华为 Mate10 4GB+64GB 全网通 5.9英寸小屏拍照游戏音乐双卡媲美mate9 mate20mate30 p,¥1498,//product.dangdang.com/680655984.html,
 【支持当当礼卡】Apple苹果数据线Lightning to usb 1米 白色 适用于iPhone11/11pro/1,¥75.00,//product.dangdang.com/1486322370.html,16条评论
 上海中兴 守护宝L8 军工三防手机老人手机移动2G 直板老年机超长待机按键手机,¥148.00,//product.dangdang.com/638744374.html,
 【支持礼品卡】华为原装超级快充立式无线充电器(Max 50W)适用Mate40Pro/P40Pro/FreeBudsPr,¥225.00,//product.dangdang.com/1402799167.html,3条评论
 Apple 苹果 iPhone 12 mini 5G手机 紫色 全网通 64GB,¥4128,//product.dangdang.com/640948458.html,
 Apple 苹果 iPhone 12 Pro Max 5G手机 金色 全网通 256GB,¥9058,//product.dangdang.com/641008498.html,1条评论
 华为/HUAWEI P50 Pocket 4G 超光谱影像系统 创新双屏操作体验 8GB+256GB 曜石黑 P50宝盒,¥8688,//product.dangdang.com/11109781498.html,
 鹊途手机GPS通用支架QT-6728,¥69.00,//product.dangdang.com/1735746778.html,1条评论
 Apple 苹果 iPhone 11 全网通手机 新包装 128GB,¥4288,//product.dangdang.com/663984547.html,50条评论
 苹果 se2 Apple/iPhone SE2 4G全网通 iphonese2手机 苹果se手机 iPhonese 新包,¥3198,//product.dangdang.com/690883644.html,
 中兴ZTE S30Pro 5G 6400万四摄 144HZ AMOLED屏 双模全网通5G,¥2298,//product.dangdang.com/680009604.html,
 华为 HUAWEI Mate 20 Pro 全网通4G 超微距影像超大广角徕卡三摄 智能手机,¥3998,//product.dangdang.com/674396604.html,
 荣耀(honor) 30 Pro 双模5G 全网通 麒麟990 50倍远摄 4000万超感光摄影 移动联通电信手机,¥3898,//product.dangdang.com/670836624.html,
 酷派 8713 支持移动4G 双卡双待 5英寸 高通骁龙410处理器 四核智能手机 可拆卸电池 XYYZ,¥198.00,//product.dangdang.com/11097527686.html,
 摩托罗拉edge s Pro 全网5G 44Hz刷新率 骁龙870处理器 50X潜望变焦 支持NFC 一亿主摄 拍照游戏,¥1998,//product.dangdang.com/691086714.html,
 联想 K5 Note 6英寸全面屏双摄手机 全网通4G双卡双待 3760mAh电池,¥648.00,//product.dangdang.com/691333724.html,
 华为/HUAWEI Mate 30E Pro 全网通 5G 麒麟990E SoC芯片 超感光徕卡电影影像摄像音乐手机,¥5798,//product.dangdang.com/670653424.html,
 摩托罗拉 G7plus 全网通4G 光学防抖 杜比音效 智能手机支持光学防抖相机 杜比音效 指纹+指纹双解锁,¥1196,//product.dangdang.com/691122414.html,
 小米 红米 K20 全面屏游戏 全网通4G 移动电信联通 智能手机,¥1898,//product.dangdang.com/678967404.html,
 HONOR 荣耀50se 8+128GB-魅海蓝,¥2199,//product.dangdang.com/646768439.html,
 vivo Y30 全网通4G 5000mAh大电池 AI智慧双摄 学生时尚手机老年人大字体智能手机,¥996.00,//product.dangdang.com/11015290226.html,
 小米 红米Redmi Note11 Pro 5G 天玑920 1亿像素 多功能NFC X轴线性马达 6GB+128GB,¥1588,//product.dangdang.com/11022422464.html,
 小米 红米Note10pro 5G手机 8GB+128GB 全网通5G,¥1598,//product.dangdang.com/639800502.html,
 小米Redmi 红米9A 4GB+128GB 5000mAh大电量 大屏幕大字体大音量 1300万AI相机 八核处理器,¥788.00,//product.dangdang.com/638499502.html,1条评论
 荣耀畅玩20 8GB+128GB 5000mAh大电池 128GB大存储 6.5英寸高清护眼屏 1300万高清AI双摄,¥1238,//product.dangdang.com/666396502.html,16条评论
 诺基亚Lumia 920T 移动3GWP8系统 4.5英寸 黑色不能微信收藏手机Z,¥498.00,//product.dangdang.com/11079082516.html,
 小米(MI) 11 Pro 标准版 骁龙888处理器 5000mAh电量 液冷散热 原色屏 全网通5G 安卓大屏手机,¥3549,//product.dangdang.com/11049903966.html,
 Apple iPhone 13 双摄系统 高速 A15仿生芯片 XDR显示屏 移动联通电信5G全网通手机,¥5948,//product.dangdang.com/11010381146.html,
 荣耀 Magic3 骁龙888 6.76英寸超曲屏 多主摄计算摄影 66W超级快充 4600mAh大电池 全网通版 8G,¥3855,//product.dangdang.com/11056226956.html,
 联想（Lenovo）Z5 全面屏 全网通 双卡双待 位置穿越功能 支持应用多开 微信多开,¥1396,//product.dangdang.com/691345664.html,
 联想(lenovo)K10e70 移动4G 5英寸智能手机 支持红膜识别 护眼功能 支持老年模式 大声音 大字体,¥296.00,//product.dangdang.com/679724674.html,
 小米 MIX4 骁龙888+ 5G旗舰 一体化陶瓷机身 全面屏 一亿像素三摄 哈曼卡顿双扬声器5G旗舰手机,¥3598,//product.dangdang.com/689096674.html,
 【支持当当礼卡】猫王收音机小王子 创意复古便携无线蓝牙音箱可爱无线迷你小音响家用户外原木质收音机,¥369.00,//product.dangdang.com/1025345767.html,7条评论
 诺基亚110 4g全网通老年机老人手机按键大字大声超长待机按键小学生经典老年机支持支付宝双卡双Nano卡不带充电头,¥348.00,//product.dangdang.com/11007700686.html,
 vivo iQOO 9 Pro 5G全网通 E5超视网膜屏 超声波3D广域指纹 独显芯片Pro 全新微云台双主摄手机,¥5148,//product.dangdang.com/11050127696.html,
 荣耀 畅玩20 5000mAh大电池 6.5英寸高清护眼屏 1300万高清AI双摄 全网智能通手机,¥948.00,//product.dangdang.com/668240724.html,
 OPPO Reno6 8+128GB; 5G全网通; 星黛紫,¥2699,//product.dangdang.com/11006149794.html,
 小米 红米Redmi Note 11 5G 天玑810 5000mAh大电池 立体声双扬声器 6GB+128GB 智能手,¥1278,//product.dangdang.com/11022415804.html,
 Apple 苹果 iPhone 13 5G手机【支持礼品卡】 128GB 午夜色,¥6326,//product.dangdang.com/11029474831.html,
 荣耀 X30i 7.45mm超薄全视屏 22.5W超级快充 6nm 5G疾速芯 全网通版 8GB+128GB,¥1538,//product.dangdang.com/11094784831.html,
 Philips/飞利浦 E163K移动2G老人机直板大屏大字大声中老年手机持久长待机男女款学生迷你按键功能小手机,¥148.00,//product.dangdang.com/11047351854.html,
 荣耀50SE 1亿像素超清影像 5G 6.78英寸全视屏 66W快充 12GB+256GB 全网通版,¥2198,//product.dangdang.com/11038429904.html,
 【支持当当礼卡】华为原装p30pro保护套P30手机壳智能视窗防摔全包包边商务男女原装翻盖皮套仿真皮手感原厂全包防摔壳轻,¥149.00,//product.dangdang.com/1043687904.html,4条评论
 【支持当当礼卡】HUAWEI华为原装车载充电器 Max66W超级快充/双口输出/附6ATypeC原装数据线 适用Mate,¥199.00,//product.dangdang.com/1043355904.html,2条评论
 一加手机 OnePlus 8T 5G旗舰 120Hz柔性直屏 65W闪充 高通骁龙865 超清四摄 拍照游戏手机,¥2848,//product.dangdang.com/11029803606.html,
 Philips/飞利浦E183A 老年手机 移动联通2G直板按键 持久待机老人大字大声 直板老年手机,¥178.00,//product.dangdang.com/11047342604.html,
 飞利浦（PHILIPS） E219 翻盖老年手机 移动2G 双卡双待 老人手机 学生手机 商务机 备用机,¥298.00,//product.dangdang.com/11047490604.html,
 【支持当当礼卡】HUAWEI华为FreeBuds4无线耳机 半开放主动降噪真无线蓝牙入耳式耳机 双连接 无线充版,¥899.00,//product.dangdang.com/1043637604.html,8条评论
 vivo Y31s 5G 4+128GB-宝石红,¥1398,//product.dangdang.com/651603970.html,
 【支持当当礼卡】华为HUAWEI FreeBuds Pro 主动降噪真无线蓝牙耳机/入耳式耳机/环境音/人声透传/双连接,¥649.00,//product.dangdang.com/1271940970.html,3条评论
 华为原装数据线 CP43 Type-C 转 Type-C 5A快速充电 1m,¥69.00,//product.dangdang.com/1888411970.html,1条评论
 小米(MI)10S 双模全网通5G 标准版 一亿像素 骁龙870 4780mAh超大电池,¥2398,//product.dangdang.com/678213734.html,
 Apple/苹果 iPhone11Pro 移动联通电信全网通4G智能手机,¥4998,//product.dangdang.com/11083632596.html,
 小米12 骁龙8 Gen1 黄金手感 6.28英寸视感屏 120Hz高刷 5000万超清主摄 67W快充 8GB+256,¥3688,//product.dangdang.com/11070055831.html,
 vivo S9e双模vivo 8+128GB黑曜石,¥2299,//product.dangdang.com/650243860.html,
 纽曼M560 全网通4G老人机持久待机直板女款大屏大字大声移动老年手机学生功能按键小手机,¥278.00,//product.dangdang.com/684235892.html,
 小米（MI）小米CC9 移动联通电信全网通4G 3D曲面玻璃机身屏内指纹 大电池续航航骁龙710 智能旗舰手机,¥1548,//product.dangdang.com/679022444.html,
 诺基亚 3208c 直板手机 按键手机 触屏手写手机 备用手机经典手机 支持移动2G卡不能电信联通,¥348.00,//product.dangdang.com/640208914.html,
 Nokia/诺基亚 230 DS老人机移动2G直板按键功能机 大字大声大屏老年人手机 超长待机 男女款学生备用超薄手机,¥348.00,//product.dangdang.com/641222914.html,
 OPPO Find X3 Pro 骁龙888 全链路10bit色彩引擎 5000万臻彩双主摄 全网通5G智能游戏拍照手机,¥4498,//product.dangdang.com/11005574056.html,
 OPPO Reno3 一体化双模5G 7.96mm轻薄机身 6400万超清四摄 全网通全面屏拍照游戏智能手机,¥2298,//product.dangdang.com/667403944.html,
 三星 Galaxy A71 （SM-A7160）全面屏6400万后置四摄大容量电池 移动联通电信全网通5G,¥2298,//product.dangdang.com/641643934.html,
 华为畅享 20e 4G全网通 5000mAh大电池6.3英寸高清大屏 Harmony OS 6GB+128GB,¥1138,//product.dangdang.com/11101609990.html,
 OPPO A95 8+256GB-5G全网通-炫光黑,¥2049,//product.dangdang.com/636903562.html,
 华为(HUAWEI) 畅享10 全网通版 极点全面屏 后置双摄 移动联通电信4G手机,¥1298,//product.dangdang.com/671760794.html,3条评论
 飞利浦（PHILIPS） E109C 电信版2G 直板按键老人机 老人手机 学生备用老年功能手机,¥179.00,//product.dangdang.com/11047275644.html,
 飞利浦(PHILIPS) E527 老人手机 移动联通电信三网4G 直板按键 儿童学生备用功能机老年机 老年手机,¥278.00,//product.dangdang.com/11047464644.html,
 OPPO Find X5 Pro 双模旗舰5G全网通 80w超级闪充 哈苏影像 120hz高刷 find系列升级新版,¥6198,//product.dangdang.com/11110835685.html,
 华为 智选 Hi nova 9 Pro 移动联通电信全网通5G 120Hz 5000万超感光主摄 66W快充 智能手机,¥3348,//product.dangdang.com/11093717706.html,
 酷派 大神 note3 移动4G 双卡双待 5.5英寸高清大屏 指纹识别 手机主芯片8核64位 1300万高清摄像头手机,¥328.00,//product.dangdang.com/11033485716.html,
 vivo X70 全网通5G 蔡司光学镜头 大底微云台主摄 高跑分旗舰芯片手机,¥2948,//product.dangdang.com/11109821975.html,
 华为(HUAWEI) 畅享Z 5G全网通移动联通电信 全面屏智能拍照游戏 90HZ畅滑屏 4800万高感光夜拍手机 8G,¥1988,//product.dangdang.com/11040846771.html,
 鹊途夜光触屏手机防水袋手机潜水套LGH1128,¥28.00,//product.dangdang.com/11054669781.html,
 荣耀X10 全网通5G手机 支持升级鸿蒙HarmonyOS系统 6GB+128GB,¥1416,//product.dangdang.com/11084396781.html,
 小米12X 骁龙870 黄金手感 6.28英寸视感屏 120Hz高刷 5000万超清主摄 67W快充 8GB+256GB,¥3188,//product.dangdang.com/11072967781.html,
 vivo iQOO Z3 5g 8+256GB星云,¥1949,//product.dangdang.com/651599810.html,
 小米12 Pro 骁龙8 Gen1 2K AMOLED 120Hz高刷 5000万超清三主摄 120W小米澎湃秒充 12,¥4998,//product.dangdang.com/11070378871.html,
 荣耀60 12GB+256GB 5G全网通 66W超级快充 4800mAh超长续航,¥2938,//product.dangdang.com/11046860874.html,
 小米 红米note11 新品5G手机 4GB+ 128GB,¥1179,//product.dangdang.com/11036120871.html,2条评论
 荣耀60 SE 新品5G手机 8GB+128GB,¥2188,//product.dangdang.com/11101780900.html,
 飞利浦 PHILIPS E258C 电信版2G 老人手机大字大声长待机 CDMA按键老年手机学生备用功能机,¥258.00,//product.dangdang.com/11047282924.html,
 华为/HUAWEI P50 Pocket 4G 艺术定制版 超光谱影像系统 创新双屏操作体验 12GB+512GB 鎏光,¥10388,//product.dangdang.com/11109787978.html,
 OPPO Reno6 8+128GB; 5G全网通; 夜海,¥2699,//product.dangdang.com/11006146314.html,
 Apple 苹果 iPhone 13 5G手机【支持礼品卡】 128GB 午夜色,¥5858,//product.dangdang.com/11006804748.html,4条评论
 飞利浦(PHILIPS) E319 大屏长待机 直板按键 移动联通2G 老人手机 双卡双待 学生老年备用功能机,¥198.00,//product.dangdang.com/11047294664.html,
 纽曼F6 翻盖电信版版老年手机大屏大字大声移动老人手机 2.8英寸双大屏 持久待机男女款,¥248.00,//product.dangdang.com/673885592.html,
 【支持当当礼卡】苹果Apple AirPods3代无线蓝牙耳机Apple耳机 配MagSafe无线充电盒 适用iPhon,¥1388,//product.dangdang.com/1043618404.html,5条评论
 中兴ZTE S30 S30 PRO 5G 6400万四摄 90HZ大屏 双模全网通5G手机,¥1298,//product.dangdang.com/680005024.html,1条评论
 荣耀畅玩20 5000mAh超大电池续航 6.5英寸大屏 莱茵护眼 4GB+64GB,¥778.00,//product.dangdang.com/11094844851.html,
 华为M-Pen2手写笔MatepadPro12.6触控笔适用Matepad10.8平板Mate40/30系列 华为触屏笔,¥239.00,//product.dangdang.com/676732552.html,2条评论
 华为充电器mate9/10/20 p30/p20pro/p10plus荣耀10/v20v10快充 【快充套装】9V2A充,¥75.00,//product.dangdang.com/11010805254.html,7条评论
 华为(HUAWEI)原装充电宝10000毫安双向快充移动电源CP11QM,¥136.00,//product.dangdang.com/647697417.html,3条评论
 Apple 苹果 iPhone 12 5G手机 紫色 全网通 128GB,¥5488,//product.dangdang.com/640874428.html,2条评论
 小米 红米Note9 4GB+128GB 全网通4G手机,¥895.00,//product.dangdang.com/1808536618.html,2条评论
 Apple 苹果 iPhone 12 5G手机 绿色 全网通 128GB,¥5458,//product.dangdang.com/640872948.html,2条评论
 Apple 苹果 iPhone 12 Pro 5G手机 银色 全网通 256GB,¥7858,//product.dangdang.com/640909658.html,
 小米10S 骁龙870 哈曼卡顿对称式双扬立体声 8GB+256GB手机,¥2598,//product.dangdang.com/679541070.html,
 Apple 苹果 iPhone 13 5G手机 128GB 蓝色,¥5858,//product.dangdang.com/11013840468.html,1条评论
 华为/HUAWEI 麦芒9 移动电信联通5G全网通 智能手机 6GB+128GB,¥1238,//product.dangdang.com/11000660601.html,1条评论
 小米Redmi红米K40 5G游戏手机 全网通 8GB+128GB,¥1898,//product.dangdang.com/675299007.html,1条评论
 OPPO Reno7 Pro 全网通5G 索尼IMX709超感光猫眼镜头3200万 后置索尼IMX766旗舰主摄 天玑1,¥3298,//product.dangdang.com/11031832916.html,
 诺基亚 NOKIA 6300 移动联通电信全网通4G 双卡双待 直板按键手机 wifi热点 老人老年手机 学生手机,¥428.00,//product.dangdang.com/639999594.html,
 华为nova9 新品手机 8GB+256GB,¥2698,//product.dangdang.com/11027978121.html,29条评论
 OPPO A96 高清炫彩屏 4800W超清主摄 33W闪充 屏幕指纹 轻薄手机 5G全网通手机 智能手机 拍照手机,¥1898,//product.dangdang.com/11050114926.html,
 Philips/飞利浦E212A 翻盖老年手机 移动2G持久待机老人手机大字大声大屏 经典双屏翻盖,¥289.00,//product.dangdang.com/11047496324.html,
 Apple 苹果 iPhone 12 mini 5G手机 紫色 全网通 128GB,¥4488,//product.dangdang.com/640950408.html,2条评论
 【支持当当礼卡】Beats Flex 蓝牙无线 入耳式手机耳机 颈挂式耳机 带麦可通话 运动耳机 手机跑步Beats耳机,¥399.00,//product.dangdang.com/1209667010.html,5条评论
 HONOR/荣耀50 5G手机 8+128GB初雪水晶,¥2459,//product.dangdang.com/643690899.html,1条评论
 小米 红米Note10 5G手机 8GB+128GB,¥1298,//product.dangdang.com/665814207.html,
 Nokia/诺基亚 1681C 移动2G按键手机直板手机经典学生老人国行手机,¥196.00,//product.dangdang.com/666177524.html,
 小米单动圈耳机3.5MM入耳式活塞男女运动耳机适合小米红米,¥25.00,//product.dangdang.com/670034162.html,2条评论
 飞利浦(Philips)E289 全网通4G 智能直板按键老人机 移动联通电信4G 老年手机,¥358.00,//product.dangdang.com/11047482744.html,1条评论
 Apple 苹果 iPhone 13 Pro 5G手机 金色 全网通 256GB,¥8858,//product.dangdang.com/11014211528.html,1条评论
 华为nova8 pro 5G手机【支持鸿蒙HarmonyOs】8GB+128GB 简配 无充电器跟数据线,¥3258,//product.dangdang.com/11001531151.html,26条评论
 Apple 苹果 iPhone 12 Pro Max 5G手机 全网通 256GB,¥8998,//product.dangdang.com/678710570.html,5条评论
 OPPO Reno5 Pro 8+128GB-5G全网通-星河入梦,¥3349,//product.dangdang.com/636454542.html,
 荣耀X30 骁龙6nm疾速5G芯 66W超级快充 120Hz全视屏 全网通版 12GB+256GB,¥2199,//product.dangdang.com/11082652586.html,
 华为（HUAWEI）U7300 经典滑盖机 按键手机 联通3G手机 备用机 功能机,¥256.00,//product.dangdang.com/678481654.html,
 小米(MI) Redmi K30 红米 K30 全网通4G 120Hz流速屏索尼6400万后置四摄全面屏4500mAh手,¥1478,//product.dangdang.com/679219674.html,
 荣耀Play4T Pro 全网通4G 麒麟810芯片 OLED屏幕指纹 4800万高感光光夜拍三摄 6.3英寸珍珠屏,¥1328,//product.dangdang.com/670848674.html,
 华为(HUAWEI) 畅享Z 5G全网通移动联通电信 全面屏智能拍照游戏 90HZ畅滑屏 4800万高感光夜拍手机,¥1848,//product.dangdang.com/11016635306.html,1条评论
 OPPO Reno7 5G双模 索尼IMX709超感光猫眼镜头3200万 6400万超清三摄 高通骁龙? 778G 5G,¥2548,//product.dangdang.com/11031820896.html,
 一加 OnePlus 9R 游戏手机 5G手机品质 旗舰骁龙870 240Hz触控采样率 120Hz高刷新率65W闪充赛,¥2748,//product.dangdang.com/11030642866.html,
 Samsung/三星 SM-A5000 手机 三星A5 2+16G 移动联通双4G 5英寸小屏 超薄,¥448.00,//product.dangdang.com/11109173936.html,
 vivo iQOO U3x 全网5G 骁龙八核 90Hz 5000mAh电池 18W闪充 全网通5G 游戏拍照智能手机,¥1068,//product.dangdang.com/11005695946.html,
 努比亚(nubia)Play 5G游戏手机 nubia手机 144Hz超竞屏 双卡双待,¥1598,//product.dangdang.com/11095465946.html,
 Apple iPhone 13 Pro Max (A2644) 256GB 银色 支持移动联通电信5G 双卡双待手机,¥9999,//product.dangdang.com/11024007936.html,
 Apple 苹果 iPhone 12 mini 5G手机 红色 全网通 64GB,¥4128,//product.dangdang.com/640867988.html,
 Apple 苹果 iPhone 12 mini 5G手机 白色 全网通 64GB,¥4128,//product.dangdang.com/640865988.html,
 纽曼 F6翻盖移动版手机男女款老人商务持久待机老年机移动手写双卡大声 移动翻盖老人手机大字大声老年手机,¥178.00,//product.dangdang.com/1439062564.html,16条评论
 Apple 苹果 iPhone 12 mini 苹果 全网通5G手机 64GB紫色,¥3898,//product.dangdang.com/655366577.html,1条评论
 OPPO Reno5 Pro+ 5G全网通 65W超级闪充 骁龙865 拍照游戏智能手机,¥2448,//product.dangdang.com/661589834.html,
 海信 F30S 灵动水滴屏 全网通4G 大电量 1300万AI智慧双摄安卓智能手机,¥696.00,//product.dangdang.com/674789824.html,
 OPPO Find X3 5G 8+256GB 宇宙摩卡,¥4949,//product.dangdang.com/674005942.html,
 OPPO A35 4GB+128GB-4G全网通-雾海蓝,¥1149,//product.dangdang.com/636956972.html,
 OPPO Reno5 Pro 12+256GB-5G全网通-星河入梦,¥3749,//product.dangdang.com/636461972.html,
 OPPO Reno5 12+256GB-5G全网通-星河入梦,¥2749,//product.dangdang.com/636580972.html,
 vivo iQOO U1x智能手机 4+64GB-曜光黑,¥849.00,//product.dangdang.com/652067620.html,
 Xiaomi/小米 Redmi 红米 K20 骁龙730旗舰手机 移动全网通4G 移动4G+ 4800万超广角三摄 全面,¥1586,//product.dangdang.com/684937864.html,
 Samsung/三星 GT-I9118 双卡5英寸 移动3G智能手机,¥298.00,//product.dangdang.com/651047844.html,
 OPPO Reno 2 4800万变焦四摄 视频防抖 6.5英寸阳光护眼全面屏拍照游戏智能手机,¥1996,//product.dangdang.com/667436844.html,
 荣耀(honor) V30 PRO 双模5G 麒麟990 全网通移动联通电信 拍照游戏音乐手机,¥4398,//product.dangdang.com/671582844.html,
 vivo S9 全网通5G 天玑1100旗舰芯片 旗舰轻薄机身 4400万超清AF前置双摄 极夜柔光自拍手机,¥2048,//product.dangdang.com/654588854.html,
 OPPO A32 4+64GB-4G全网通-琉璃黑,¥799.00,//product.dangdang.com/636933992.html,
 荣耀50 8GB+256GB 10亿色超曲屏 1亿像素超清影像 66W超级快充 高通骁龙778G 120Hz高刷 Vlo,¥2600,//product.dangdang.com/664486992.html,2条评论
 vivo iQOO 7 骁龙888处理器 12+256GB-5G全网通-潜蓝,¥4148,//product.dangdang.com/622216510.html,
 vivo iQOO 5高通骁龙865处理器 12+128GB皓影,¥4248,//product.dangdang.com/650242510.html,
 Apple 苹果 iPhone 12 5G手机 红色 全网通 64GB,¥4858,//product.dangdang.com/640901608.html,
 Philips/飞利浦 E258S 老人手机长待移动2G大声老年手机直板老年老人手机大屏大字男女款学生小备用机,¥175.00,//product.dangdang.com/11047324734.html,
 三星原装快速车载充电器 Note4 Note5 S6 edge S7 9V快速车充,¥135.00,//product.dangdang.com/1389897848.html,
 Apple 苹果 iPhone 12 5G手机 红色 全网通 256GB,¥6458,//product.dangdang.com/640920888.html,1条评论
 魅非磁吸双耳颈挂式运动耳机 MF-235,¥45.00,//product.dangdang.com/1728757778.html,12条评论
 Apple 苹果 iPhone 12 Pro 5G手机 石墨色 全网通 128GB,¥7128,//product.dangdang.com/640894798.html,1条评论
 OPPO Find X3 8+128GB-5G全网通-凝白,¥3799,//product.dangdang.com/633258812.html,
 荣耀畅玩20 6GB+128GB 5000mAh大电池 128GB大存储 6.5英寸高清护眼屏 1300万高清AI双摄,¥995.00,//product.dangdang.com/666390812.html,17条评论
 OPPO Find X3 Pro 5G 12+256GB凝白,¥5499,//product.dangdang.com/633214812.html,
 OPPO Reno5 Pro 8+128GB-5G全网通-极光蓝,¥3349,//product.dangdang.com/636446812.html,
 Apple 苹果 iPhone 11 全网通手机 新包装 64GB,¥3798,//product.dangdang.com/1626906818.html,20条评论
 三星 SAMSUNG 心系天下W22 三星W2022 折叠屏 骁龙888 IPX8级防水 全网通5G 智能手机,¥14998,//product.dangdang.com/11017599896.html,
 荣耀50 SE 1亿像素超清影像 5G 6.78英寸全视屏 66W超级快充 全网通版 8GB+128GB,¥1699,//product.dangdang.com/11079219921.html,
 Apple 苹果 iPhone 12 5G手机 白色 全网通 128GB,¥5458,//product.dangdang.com/640871908.html,8条评论
 华为nova9pro 新品手机 8GB+256GB,¥3398,//product.dangdang.com/11028004921.html,23条评论
 小米（MI）冰封散热背夹手机散热神器主播游戏直播冷却器风扇苹果安卓,¥129.00,//product.dangdang.com/1618851925.html,3条评论
 酷派（Coolpad）锋尚N3C 移动联通电信全网通4G 全面屏智能老年老人手机 双卡双待手机,¥378.00,//product.dangdang.com/680919944.html,
 华为Mate 40 Pro 4G 全网通 麒麟9000旗舰芯片手机 8GB+256GB,¥5888,//product.dangdang.com/682979590.html,
 小米Redmi 红米Note10 5G 6GB+128GB 天玑700 6.5英寸FHD+高清屏 18W快充 游戏智能手,¥1098,//product.dangdang.com/636876592.html,
 xiaomi/小米移动电源10000mAh毫安高配版手机平板2通用聚合物便携充电宝,¥139.00,//product.dangdang.com/1465392797.html,18条评论
 OPPO A93 8GB+128GB-5G全网通-雅银,¥1599,//product.dangdang.com/636179552.html,
 HONOR/荣耀50 5G手机 8+128GB夏日琥珀,¥2459,//product.dangdang.com/643691549.html,
 Apple iPhone 13 Pro Max (A2644) 1TB 银色 支持移动联通电信5G 双卡双待手机,¥13788,//product.dangdang.com/11024009676.html,
 OPPO A55 4+128GB-5G全网通-律动黑,¥1399,//product.dangdang.com/636465692.html,
 荣耀50 Pro 1亿像素 5G 6.72英寸曲屏 100W快充 前置视频双摄 8GB+256GB 全网通版,¥2698,//product.dangdang.com/11000970704.html,2条评论
 【支持当当礼卡】HUAWEI华为27W超级快充无线充电器 适用于Mate30 mate30Pro P30Pro mate,¥145.00,//product.dangdang.com/1043169704.html,8条评论
 OPPO A72 4+128GB-5G全网通-霓虹,¥1149,//product.dangdang.com/636926702.html,
 小米 红米Note10pro 5G手机 8GB+256GB 全网通5G,¥1738,//product.dangdang.com/639800702.html,
 OPPO A9 4+128G全网通4G移动电信联通 6.53英寸水滴屏 大内存全面屏 双卡双待智能大屏拍照手机,¥1098,//product.dangdang.com/11021603746.html,
 金立 W1 全网通4G 智能老人手机超长待机联通电信老年手机大字大声直板按键老人机三防老年机军工诺基亚,¥348.00,//product.dangdang.com/11017760746.html,
 OPPO Find X3 Pro 5G 12+256GB雾蓝,¥5499,//product.dangdang.com/633216752.html,
 OPPO Reno4 SE 8+128GB-5G全网通-超闪黑,¥1899,//product.dangdang.com/636438752.html,
 Meizu/魅族 魅族M15 全网通4G版全面屏智能手机 双卡双待魅族官方正品手机学生手机,¥898.00,//product.dangdang.com/11034027746.html,
 OPPO Reno5 8+128GB-5G全网通-月夜黑,¥2099,//product.dangdang.com/636580612.html,
 数据线补差价,¥25.00,//product.dangdang.com/671976672.html,1条评论
 Apple iPhone 13 Pro Max (A2644) 256GB 远峰蓝色 支持移动联通电信5G 双卡双待手机,¥9999,//product.dangdang.com/11024006836.html,
 OPPO Find X3 Pro 5G 12+256GB宇宙摩卡,¥5499,//product.dangdang.com/633215892.html,
 OPPO A35 4GB+128GB-4G全网通-琉璃黑,¥1149,//product.dangdang.com/636957892.html,
 小米11 (5G) 骁龙888处理器 1亿像素游戏手机 8GB+128GB,¥2798,//product.dangdang.com/679843960.html,
 小米 红米9A Redmi 9A 5000mAh大电量 智能老人手机大音量 智能手机 4GB+64GB,¥635.00,//product.dangdang.com/679661960.html,2条评论
 HONOR/荣耀50 5G手机 8+256GB亮黑色,¥2759,//product.dangdang.com/643692829.html,2条评论
 HUAWEI/华为AM115 耳机 通用荣耀手机有线入耳式,¥45.00,//product.dangdang.com/1557895965.html,2条评论
 小米Redmi AirDots 3Pro 真无线蓝牙耳机 主动降噪 无线充电 小米耳机 苹果华为手机通用,¥328.00,//product.dangdang.com/1624426235.html,2条评论
 【支持当当礼卡】Apple数据线 USB-C/雷霆3转Lightning/闪电连接线 快充线 (1 米) iPhone,¥139.00,//product.dangdang.com/1044462304.html,3条评论
 【支持当当礼卡】科大讯飞骨传导耳机 点歌耳机 蓝牙耳机挂耳式运动无线耳骨传导跑步骑行语音点歌 曜日红,¥275.00,//product.dangdang.com/1263418370.html,4条评论
 小米 红米Note10pro 5G手机 6GB+128GB 全网通5G,¥1398,//product.dangdang.com/639800902.html,1条评论
 华为原装6A数据线快充兼容5Amate40Pro20Nova8P30Pro荣耀V40充电线 【Type-C】6A超级快充,¥42.00,//product.dangdang.com/1887946518.html,8条评论
 小米Redmi红米K40 5G游戏手机 全网通 12GB+256GB,¥2298,//product.dangdang.com/675331297.html,1条评论
 小米Redmi AirDots3真无线蓝牙耳机红米入耳式运动 适用苹果华为,¥198.00,//product.dangdang.com/648447522.html,3条评论
 Apple苹果13Pro原装手机壳 iPhone13Pro硅胶保护套 iPhone13Pro硅胶保护壳,¥388.00,//product.dangdang.com/11033002211.html,1条评论
 小米 红米Note9 6GB+128GB 5G手机,¥1098,//product.dangdang.com/1808537088.html,
 OPPO A32 4+128GB-4G全网通-琉璃黑,¥1099,//product.dangdang.com/636938322.html,
 OPPO A55 4+128GB-5G全网通-轻快蓝,¥1399,//product.dangdang.com/636468322.html,
 OPPO A72 8+128GB-5G全网通-简单黑,¥1799,//product.dangdang.com/636930322.html,
 小米Redmi 红米K30至尊纪念版 5G智能手机 8GB+256GB,¥2545,//product.dangdang.com/683129390.html,
 魅非苹果/安卓/Type-C接口磁吸收纳数据线MF018,¥75.00,//product.dangdang.com/1728562518.html,10条评论
 飞利浦（PHILIPS） E288S 移动联通4G智能老人手机按键老年手机触屏手写备用功能机老人机老年机,¥398.00,//product.dangdang.com/11047478544.html,
 荣耀50 1亿像素超清影像 5G 6.57英寸超曲屏 66W超级快充 3200万像素高清自拍 8GB+128GB 全网通,¥2435,//product.dangdang.com/11000969544.html,2条评论
 小米12 Pro 全新一代 骁龙8 2K AMOLED 屏幕 5000万三主摄万物追焦全焦段夜景 120W 澎湃秒充手机,¥5048,//product.dangdang.com/11049159666.html,
 荣耀 Play 5 66W超级快充 轻薄机身 6400万超清四摄 OLED真彩屏 5G手机,¥1598,//product.dangdang.com/11047544606.html,
 OPPO Reno6 8+128GB; 5G全网通; 夏日晴海,¥2699,//product.dangdang.com/11006148694.html,
 华为HUAWEI FreeBuds Studio 无线头戴耳机 智慧动态降噪 宽频高解析 无线降噪耳机 蓝牙耳机,¥885.00,//product.dangdang.com/684950792.html,
 OPPO Find X3 Pro 5G 8+256GB镜黑,¥4799,//product.dangdang.com/674001792.html,
 荣耀畅玩20 5000mAh超大电池续航 6.5英寸大屏 莱茵护眼 8GB+128GB,¥1148,//product.dangdang.com/11094890801.html,
 华为FreeBuds 4i主动降噪 入耳式真无线蓝牙耳机/通话降噪/长续航/小巧舒适 Android和ios通用,¥365.00,//product.dangdang.com/664646912.html,64条评论
 Apple 苹果 iPhone 13 Pro Max 5G手机 远峰蓝色 全网通 256GB,¥9888,//product.dangdang.com/11014223348.html,7条评论
 Apple 苹果 iPhone 13 Pro 5G手机 远峰蓝色 全网通 256GB,¥8828,//product.dangdang.com/11014213608.html,5条评论
 Apple 苹果 iPhone 13 Pro 5G手机 石墨色 全网通 256GB,¥9088,//product.dangdang.com/11014217158.html,3条评论
 诺基亚 220新 全网通4G 老人按键手机老年手机 学生备用功能手机直板手机,¥296.00,//product.dangdang.com/640696634.html,10条评论
 诺基亚(NOKIA) 新105 直板手机按键手机 移动2G 老人机 学生机 备用功能机,¥139.00,//product.dangdang.com/654128024.html,15条评论
 Apple 苹果 iPhone 11 全网通手机【可用当当礼卡】,¥4569,//product.dangdang.com/1785689929.html,755条评论
 Apple 苹果 iPhone 13 mini 5G手机 午夜色 全网通 128GB,¥5098,//product.dangdang.com/11014298228.html,
 小米 红米Note10 5G手机 8GB+256GB,¥1538,//product.dangdang.com/665832167.html,3条评论
 荣耀X20 66W快充 120Hz高刷屏 6400万影像 4300mAh 8GB+128GB 全网通版,¥1548,//product.dangdang.com/11001050654.html,3条评论
 纽曼F11翻盖全网通4G老年手机待机声音大老年手机大屏大字男女款学生商务老人机,¥298.00,//product.dangdang.com/673908042.html,
 Apple 苹果 iPhone 12 苹果 全网通5G手机 128GB,¥5198,//product.dangdang.com/658117887.html,1条评论
 OPPO R11s Plus 全面屏手机 全网通安卓智能手机 电信移动联通4G 双摄拍照手机,¥1898,//product.dangdang.com/667716034.html,
 Apple 苹果 iPhone 12 苹果 全网通5G手机 256GB紫色,¥5899,//product.dangdang.com/661012107.html,25条评论
 realme 真我Q3i 5G全网通 4800万多功能三摄 90Hz畅速全面屏 移动联通电信5G智能拍照游戏手机,¥1298,//product.dangdang.com/11026276926.html,
 荣耀畅玩20 5000mAh超大电池续航 6.5英寸大屏 莱茵护眼 4GB+128GB,¥855.00,//product.dangdang.com/11094826601.html,
 一加 OnePlus 9 5G手机 一加|哈苏 手机影像系统 骁龙888 65W快充 拍照游戏移动联通电信5G手机,¥2942,//product.dangdang.com/11029879266.html,
 华为智选 Hi nova9 新品5G手机 hinova9 8GB+256GB,¥2998,//product.dangdang.com/11058833971.html,1条评论
 荣耀60 8GB+256GB 5G手机 66W超级快充 4800mAh超长续航,¥2680,//product.dangdang.com/11046860044.html,1条评论
 小米11青春版 5G手机,¥1758,//product.dangdang.com/600319287.html,3条评论
 HUAWEI/华为 FreeLace无线蓝牙降噪挂脖式长续航运动防水耳机,¥245.00,//product.dangdang.com/1863128930.html,14条评论
 金立X6G 老人手机三防移动电信老年机 电霸户外备用超长待机,¥198.00,//product.dangdang.com/11007288216.html,
 华为nova9pro 新品手机,¥2898,//product.dangdang.com/11024166651.html,
 小米 红米 Redmi Note11 Pro 天玑920液冷芯 一亿像素超清相机 三星AMOLED屏幕智能全网通5G手机,¥1648,//product.dangdang.com/11024940096.html,
 三星Galaxy S20 FE 5G（SM-G7810）骁龙865 游戏手机 拍照手机 全网通5G,¥3098,//product.dangdang.com/641471644.html,1条评论
 黑鲨4S Pro 移动联通电信全网通5G游戏手机 磁动力升降肩键 120W闪充 高通骁龙888 144Hz电竞屏手机,¥4248,//product.dangdang.com/11047542346.html,1条评论
 OPPO A93 5G全网通版 双模5G 5000mAh大电池高通骁龙4800万超清三摄 美颜夜景自拍智能手机,¥1448,//product.dangdang.com/661589684.html,
 守护宝 上海中兴 K199 移动联通4G 电信volte wifi热点AI语音老年机 双卡双待 老人学生机扫健康码抖音微,¥348.00,//product.dangdang.com/638930674.html,
 vivo S9前置超清6nm旗舰芯片 8+256GB-印象拾光,¥2799,//product.dangdang.com/651602700.html,
 vivo S7e双模vivo s7E 8+128GB幻砂星海,¥2148,//product.dangdang.com/650247700.html,
 小米 MIX3 全网通4G 磁动力滑盖全面屏 全面屏拍照游戏智能 移动联通电信手机 双卡双待,¥2998,//product.dangdang.com/679465734.html,
 小米 (MI) Redmi 7A 红米 7A 4000mAh超长续航 AI人脸解锁 大电量大音量拍照游戏智能手机,¥658.00,//product.dangdang.com/11035299866.html,
 小米MIX FOLD 折叠屏手机 5020mAh大电量双电池骁龙888 澎湃C1专业影像芯片大屏游戏双5G手机,¥6598,//product.dangdang.com/678257744.html,
 诺基亚（NOKIA）105 4G 移动联通电信4G全网通 双卡双待 老人老年手机 学生功能机 备用机,¥268.00,//product.dangdang.com/689081764.html,
 诺基亚 225 新 移动联通电信三网4G 直板按键 双卡双待 备用功能机 老人老年手机 学生备用机,¥368.00,//product.dangdang.com/640066764.html,
 OPPO A91 全网通4G 暗夜星辰 光感屏幕指纹3.0，4800万超广角微距四摄游戏智能手机,¥1498,//product.dangdang.com/667363754.html,
 小米MI 小米11 Pro 8GB+256GB 骁龙888 2K AMOLED四曲面柔性屏 智能手机 环保版 简配无充电,¥3598,//product.dangdang.com/637304772.html,
 Xiaomi/小米 红米Note 7 移动联通电信全网通4G手机 小水滴全面屏拍照 安卓智能手机,¥968.00,//product.dangdang.com/679663714.html,
 联想 E269 经典翻盖手机 按键手机 移动版手机备用手机(学生手机老人手机非智能手机,¥248.00,//product.dangdang.com/679580674.html,
 中兴Axon 30Ultra 全网通5G 6400万高能三主摄 144HZ曲面屏 66W快充 超广角拍照游戏手机,¥3748,//product.dangdang.com/680022684.html,
 中兴（ZTE） 中兴BA602 A602双卡双待 全网通4G 智能手机,¥348.00,//product.dangdang.com/680733684.html,
 荣耀（HONOR）荣耀Play5 8GB+256GB 移动电信联通5G全网通手机,¥1828,//product.dangdang.com/11001047814.html,16条评论
 vivo Y31s 屏1080P 90Hz高刷护眼屏 2.5D超质感机身 5000mAh大电池拍照游戏全面屏手机双模5G,¥1168,//product.dangdang.com/654650884.html,
 华为 mate20 rs 保时捷版 全网通4G 双卡双待 智能手机,¥6998,//product.dangdang.com/674390864.html,
 联想乐檬K12 4+64G 6.5英寸大屏 4800万AI双摄 5000mAh大电池 4G全网通 支持老年人大字体桌面,¥798.00,//product.dangdang.com/691530864.html,
 华为/HUAWEI P40 麒麟990 徕卡三摄 30倍数字变焦纯粹美学 移动电信联通5G全网通 智能拍照游戏手机,¥5398,//product.dangdang.com/670833884.html,
 Apple iPhone 13 (A2634) 128GB 蓝色 支持移动联通电信5G 双卡双待手机,¥6599,//product.dangdang.com/11030660971.html,
 小米MIX4 5G新品智能手机 12GB+512GB,¥4488,//product.dangdang.com/11002039001.html,
 Apple 苹果 iPhone 12 Pro Max 5G手机 全网通 128GB,¥8488,//product.dangdang.com/678705700.html,1条评论
 三星 Galaxy S10+ 三星 （SM-G9750）骁龙855液冷游戏手机 屏下指纹 全网通移动电信联通4G,¥3898,//product.dangdang.com/644808774.html,
 摩托罗拉Z2play 4GB+64GB 全网通4G 金色 支持NFC 双卡 应用软件多开位置穿越模手机,¥1096,//product.dangdang.com/691542684.html,
 荣耀Play4T 4G全网通 6+128G 麒麟710A芯片 华为防爆手机三防手机智能手机化工厂石油天然气,¥3596,//product.dangdang.com/680101684.html,
 vivo X60机5nm旗舰芯片蔡司光学镜头 8+256GB-5G全网通-华彩,¥2999,//product.dangdang.com/622207730.html,
 vivo iQOO 5高通骁龙865处理器 8+128GB星溯,¥3948,//product.dangdang.com/650188730.html,
 vivo Y31s 5G 4+128GB-莫奈彩,¥1398,//product.dangdang.com/651604730.html,
 华为 20000毫安(Max 18W) 快充移动电源充电宝Type-C版CP22QC,¥218.00,//product.dangdang.com/647736957.html,
 vivo Y3s 功能机vivo y3s 4+64GB-海风青,¥949.00,//product.dangdang.com/652089500.html,
 小米MI 小米11 Pro 12GB+256GB 骁龙888 2K AMOLED四曲面柔性屏 智能手机 环保版 简配无充,¥3898,//product.dangdang.com/680792500.html,2条评论
 OPPO Reno5 Pro+ 12+256GB-5G全网通-浮光夜影,¥4449,//product.dangdang.com/633374522.html,
 Samsung/三星 SM-G3608 移动4G 1+4G 4.5英寸 双卡 安卓智能正品手机,¥198.00,//product.dangdang.com/666189534.html,
 摩托罗拉 Moto M(XT1662) 4G+32G 指纹识别移动联通电信4G手机 双卡双待,¥748.00,//product.dangdang.com/678163534.html,
 三星 SAMSUNG 心系天下W21 5G（SM-W2021）折叠屏 骁龙865+ 5G手机,¥11298,//product.dangdang.com/641606534.html,
 荣耀X30 Max 5G手机 8GB+128GB 7.09英寸 5000mAh大电池 6nm疾速5G芯 6400万高清影,¥2175,//product.dangdang.com/11038605674.html,
 小米Redmi红米K40 游戏增强版 5G智能电竞手机 12GB+256GB,¥2068,//product.dangdang.com/680806720.html,
 中兴(ZTE) 远航3 Q529T 4080毫安大电池手机 5英寸大屏 移动4G手机,¥228.00,//product.dangdang.com/11033474816.html,
 OPPO Reno5 12+256GB-5G全网通-极光蓝,¥2749,//product.dangdang.com/636580832.html,
 Apple 苹果 iPhone 13 mini 5G手机 蓝色 128GB,¥5158,//product.dangdang.com/11014298838.html,1条评论
 OPPO Find X3 8+128GB-5G全网通-镜黑,¥3799,//product.dangdang.com/633249832.html,
 三星S7 S6 edge原装充电器Note4/note5快速充头线三星S6edge+ 9V快充头线,¥25.00,//product.dangdang.com/1389711948.html,1条评论
 vivo iQOO 5 Pro 120W超快闪充 120Hz柔性屏 高通骁龙865 KPL专业电竞游戏手机 全网通双模5,¥4398,//product.dangdang.com/657434954.html,
 小米(MI) 11 骁龙888 5G双模全网通 四曲面柔性屏 1亿像素三摄 支持55W有线闪充 智能手机,¥2848,//product.dangdang.com/678485974.html,
 摩托罗拉G50 全网5G 应用多开 90Hz刷新率 骁龙处理器 4800万像素 全网5G 5000毫安大电池手机,¥1286,//product.dangdang.com/678122944.html,
 华为HUAWEI FreeBuds Pro 主动降噪真无线蓝牙耳机/入耳式耳机/环境音/人声透传/双连接/有线充版,¥1066,//product.dangdang.com/645006457.html,
 vivo Y30标准版 6+128GB-极光色,¥1199,//product.dangdang.com/651600560.html,
 OPPO A93 8GB+256GB-5G全网通-极光,¥1949,//product.dangdang.com/636180622.html,
 OPPO A35 4+64GB-4G全网通-玻璃黑,¥899.00,//product.dangdang.com/636955622.html,
 荣耀X20SE 6400万高清AI三摄 6.6英寸窄边全视屏 22.5W快充长续航 8GB+128GB 全网通版,¥1358,//product.dangdang.com/11001055674.html,2条评论
 诺基亚 NOKIA 110 4G 移动联通电信三网4G 双卡双待 移动支付 语音播报 学生功能机,¥348.00,//product.dangdang.com/11006669766.html,
 小米11 Ultra 5G 12GB+256GB 骁龙888 2K AMOLED四曲面柔性屏陶瓷工艺游戏全网通5G手机,¥4985,//product.dangdang.com/1670377765.html,
 【支持当当礼卡】Apple苹果 18W USB-C电源适配器充电头 充电器,¥188.00,//product.dangdang.com/1110345770.html,
 小米 双动圈耳机入耳式音乐hifi线控重低音电脑游戏耳麦华为手机适用耳塞,¥49.00,//product.dangdang.com/670037802.html,
 小米MI 小米11 Pro 12GB+256GB 骁龙888 2K AMOLED四曲面柔性屏 智能手机 环保版 简配无充,¥3898,//product.dangdang.com/637311802.html,
 荣耀X30 8GB+256GB 骁龙6nm疾速5G芯 66W超级快充 120Hz全视屏 全网通版,¥1838,//product.dangdang.com/11066798954.html,
 三星Galaxy Z Flip3 全网通5G（SM-F7110）大展视界 立式交互体验IPX8级防水 折叠屏手机,¥6298,//product.dangdang.com/11005482996.html,
 realme 真我 V11s 天玑810 5000mAh 18W闪充 移动联通电信全网通5G手机,¥1078,//product.dangdang.com/11026867916.html,
 荣耀 50 SE 1亿像素超清影像 66W超级快充 移动联通电信5G智能游戏拍照手机 荣耀全网通手机,¥2028,//product.dangdang.com/11046175916.html,
 小米 红米 Redmi Note11 4G智能手机 品质小金刚 90Hz高刷屏5000mAh大电池红米,¥1048,//product.dangdang.com/11057760911.html,
 Apple/苹果 iPhone 12 移动联通电信5G全网通手机 双卡双待手机,¥4748,//product.dangdang.com/11010806936.html,
 荣耀X30i 7.45mm超薄全视屏 22.5W超级快充 6nm 5G疾速芯 全网通版 8GB+256GB,¥1738,//product.dangdang.com/11094802911.html,
 荣耀 60 全网通5G 1亿像素影像 AI手势识别 Vlog隔空换镜 骁龙778G 66W超级快充 4800mAh 手机,¥2798,//product.dangdang.com/11044471516.html,
 vivo iQOO Z3 性能先锋超强进阶 高通骁龙768G+55W超快闪充+高刷屏幕 流畅超乎想象 双模5G全网通,¥1398,//product.dangdang.com/11015678516.html,
 Apple iPhone 13 Pro Max (A2644) 1TB 石墨色 支持移动联通电信5G 双卡双待手机,¥13788,//product.dangdang.com/11024009496.html,
 摩托罗拉E5PLUS 5000毫安大电池 支持应用分身 骁龙处理器 全网4G智能手机,¥728.00,//product.dangdang.com/691115564.html,
 华为 C5070 电信CDMA 音乐播放 按键手机手机直板手机功能手机不支持移动联通,¥198.00,//product.dangdang.com/671714564.html,
 飞利浦(Philips)E209 直板按键 移动2G 老人手机 长待机 大字体大按键大音量 老年学生备用功能机,¥168.00,//product.dangdang.com/11047330234.html,2条评论
 华为充电器原装安卓充电头Mate8畅享9plus畅玩8C荣耀20i/9i/8X/7X/6/10青春版 5V2A充电器＋安,¥55.00,//product.dangdang.com/1888051598.html,3条评论
 vivo iQOO Neo 5 全网通5G 强悍双芯生而为赢 高通骁龙870+独立显示芯片 66W超快闪充 智能手机,¥2198,//product.dangdang.com/653915464.html,2条评论
 【支持当当礼卡】Apple苹果MD826原装闪电口HDMI 转接器 Lightning Digital AV Adapt,¥345.00,//product.dangdang.com/1110296470.html,10条评论
 华为/HUAWEI 畅享10e 移动联通电信4G全网通 拍照游戏智能手机,¥1198,//product.dangdang.com/671590664.html,3条评论
 小米Redmi红米8A手机 老人智能手机 4GB+64GB,¥635.00,//product.dangdang.com/683120510.html,2条评论
 Apple 苹果 iPhone 12 5G手机 黑色 全网通 256GB,¥6508,//product.dangdang.com/640909008.html,2条评论
 Apple 苹果 iPhone 12 mini 5G手机 红色 全网通 128GB,¥4488,//product.dangdang.com/640963988.html,4条评论
 Samsung/三星 SM-G5108 4.8英寸 1+8G 移动4G 双卡安卓智能手机,¥248.00,//product.dangdang.com/11045965656.html,2条评论
 小米Redmi 红米Note10 5G 8GB+256GB 天玑700 6.5英寸FHD+高清屏 18W快充 游戏智能手,¥1578,//product.dangdang.com/637241832.html,
 Apple 苹果 iPhone 12 Pro 苹果 全网通5G手机 256GB,¥7988,//product.dangdang.com/655397777.html,52条评论
 华为FreeLace Pro运动无线蓝牙耳机颈挂脖式双重主动降噪待机续航蓝牙耳机双耳入耳式适用于苹果,¥388.00,//product.dangdang.com/1863130160.html,19条评论
 小米 红米Note10 5G手机 4GB+128GB,¥968.00,//product.dangdang.com/653838527.html,3条评论
 华为原装5A数据线Type-C快充mate40/p40/Mate30pro/nova7荣耀V30pro充电线 【Type,¥38.00,//product.dangdang.com/1887938178.html,19条评论
 OPPO A8 美颜 夜景自拍 智能手机 6.5英寸水滴屏 4230mAh大电池 后置AI三摄 全网通4G手机,¥988.00,//product.dangdang.com/667376294.html,3条评论
 小米 红米note11 新品5G手机 6GB+128GB,¥1248,//product.dangdang.com/11036121541.html,4条评论
 全店支持当当卡Apple/苹果 AirPods2 二代无线蓝牙耳机 原装国行正品,¥865.00,//product.dangdang.com/1551955202.html,202条评论
 Apple 苹果 iPhone 13 5G手机 128GB 星光色,¥5958,//product.dangdang.com/11013839538.html,
 小米Redmi 红米9A 4GB+64GB 5000mAh大电量 大屏幕大字体大音量 1300万AI相机 八核处理器 人,¥635.00,//product.dangdang.com/638503532.html,1条评论
 小米Redmi AirDots2 无线蓝牙耳机 蓝牙5.0 分体式耳机运动手机耳机苹果华为安卓通用入耳式耳机,¥99.00,//product.dangdang.com/648445712.html,2条评论
 Apple 苹果 iPhone 13 5G手机 256GB 蓝色,¥6608,//product.dangdang.com/11013909798.html,3条评论
 vivo S7 全网通5G 轻薄自拍旗舰 拍照游戏全面屏大电池手机,¥1898,//product.dangdang.com/657918064.html,
 小米 CC9e 屏下指纹 全网通4G 超广角AI三摄 骁龙AI处理器 6.08英寸 智能手机,¥1496,//product.dangdang.com/679217324.html,
 vivo iQOO 7 骁龙888处理器 8+256GB-5G全网通-传奇版,¥3848,//product.dangdang.com/622216120.html,
 vivo iQOO 7 骁龙888处理器 8+128GB-5G全网通-黑境,¥3748,//product.dangdang.com/622213490.html,
 小米（MI）Redmi K30 Pro 红米 K30 pro双模 全网通5G 移动联通电信5G游戏智能 弹出式全面屏手机,¥3298,//product.dangdang.com/678959554.html,
 新品 vivo X70T x70升级版 三星Exyons1080 5G手机 蔡司光学镜头 大底微云台主摄 高跑分旗舰芯片,¥2998,//product.dangdang.com/11090464456.html,
 联想K5 Pro 全网通版 1600万AI四摄 位置穿越 应用5开 移动联通电信4G智能手机,¥1296,//product.dangdang.com/691338794.html,
 OPPO R15x 安卓智能 指纹解锁全网通 移动电信联通4G 拍照音乐手机,¥1582,//product.dangdang.com/667702394.html,
 OPPO A8老人机 4+64GB-4G全网通-天青色,¥849.00,//product.dangdang.com/636570012.html,
 Apple 苹果 iPhone 13 5G手机 256GB 红色,¥6588,//product.dangdang.com/11013911028.html,1条评论
 小米真无线蓝牙耳机Air2Pro降噪运动跑步双耳耳塞式迷你小型,¥435.00,//product.dangdang.com/1863024780.html,1条评论
 鹊途 自拍杆海绵三脚架LGH-1133,¥49.00,//product.dangdang.com/1735769938.html,10条评论
 Redmi小米 红米Note10 5G 8GB+128GB 天玑700 6.5英寸FHD+高清屏 18W快充 游戏智能手,¥1348,//product.dangdang.com/637240842.html,
 OPPO A55 4+128GB-5G全网通-气质金,¥1399,//product.dangdang.com/636465842.html,
 华为智选 海雀智能摄像头HQ8s智能家居监控器无线高清网络摄像头家用全景智能摄像机1080P画质AI智能看护,¥188.00,//product.dangdang.com/647517357.html,3条评论
 华为（HUAWEI）10000毫安 充电宝/移动电源 9V2A快充版 AP09Q 黑色,¥158.00,//product.dangdang.com/647701037.html,1条评论
 小米 Redmi Note 11 Pro 5G 天玑920 1亿像素 多功能NFC X轴线性马达 智能手机 8GB+25,¥1898,//product.dangdang.com/11036251101.html,1条评论
 小米蓝牙项圈耳机青春版 颈挂式脖戴式挂脖入耳式蓝牙音乐耳机,¥168.00,//product.dangdang.com/1862933780.html,2条评论
 vivo S10 天玑1100旗舰芯片 旗舰前置4400万高清夜景人像光感变色后盖后置6400万像素超清三摄 双模5G,¥2198,//product.dangdang.com/680861284.html,3条评论
 华为/HUAWEI P50 Pro 搭载HarmonyOS 2 麒麟9000旗舰芯片 4G全网通手机,¥6398,//product.dangdang.com/11000687016.html,
 XiaoMi/小米立式风冷无线充30W无线充电器立式支架高速快充通用版充电器,¥219.00,//product.dangdang.com/1532159965.html,2条评论
 金立 N90 翻盖老年机4G通电信老人手机超长待机大屏大字大声男女学生高中生手机,¥348.00,//product.dangdang.com/11017939976.html,
 荣耀 畅玩7A 5.7英寸 全网通4G智能手机 人脸识别 指纹解锁 后置双摄 独立三卡槽,¥698.00,//product.dangdang.com/11009361986.html,
 realme 真我 Q2 Pro 移动联通电信全网通5G智能拍照游戏手机 65W智慧闪充 极点屏,¥1348,//product.dangdang.com/11026302986.html,
 小米（MI）Civi 全面屏 原生美肌人像 3200万双柔光自拍 4500mAh大电量手机,¥2548,//product.dangdang.com/11012427006.html,
 vivo iQOO Z3 5g 8+256GB深空,¥1949,//product.dangdang.com/651599530.html,
 【华为智选】雷鸟FF1 6.67英寸120Hz高刷无界屏 66W疾速闪充 6400万像素超清影像 全网通5G手机,¥1798,//product.dangdang.com/11010638606.html,
 荣耀 50 Pro 防爆手机 1亿像素超清影像 100W超级快充 10亿色超曲屏 全网通5G防爆智能手机 化工厂矿用本安,¥6498,//product.dangdang.com/11020749596.html,
 小米平板磁吸双面保护壳 多色可选 磁吸支撑 翻盖唤醒 适用小米平板5/5 Pro,¥89.00,//product.dangdang.com/11000777714.html,
 OPPO Reno5 全网通5G移动电信联通 安卓智能游戏音乐拍照手机,¥1948,//product.dangdang.com/662497744.html,3条评论
 鹊途360度旋转磁吸车载手机支架QT1221,¥31.00,//product.dangdang.com/1532473758.html,1条评论
 诺基亚（NOKIA）1050 移动联通 老人机按键直板超长待机备用老年手机 手机 黑色 单卡,¥186.00,//product.dangdang.com/11108010786.html,
 苹果Apple iPhone XS 5.8英寸 iPhone XS MAX 6.5英寸全网通4G手机,¥3998,//product.dangdang.com/11083492816.html,
 vivo X60机5nm旗舰芯片蔡司光学镜头 12+256GB-5G全网通-微光,¥3299,//product.dangdang.com/622208790.html,
 vivo iQOO 5高通骁龙865处理器 8+128GB皓影,¥3948,//product.dangdang.com/650241790.html,
 魅族 魅蓝note2 移动联通双4G 5.5英寸 四核处理器 智能手机,¥448.00,//product.dangdang.com/11034011786.html,
 小米12 Pro 5G手机 8GB+128GB 骁龙8 Gen1 2K AMOLED 120Hz超刷 全网通5G智能手机,¥4488,//product.dangdang.com/11104506863.html,
 小米 12X 5g手机 8GB+128GB 骁龙870智能学生拍照全面屏全网通,¥3058,//product.dangdang.com/11105010863.html,
 【支持当当礼卡】苹果Apple MagSafe 双项充电器 iPhone12promax无线充电器 手机手表磁吸充电器,¥975.00,//product.dangdang.com/1487364870.html,12条评论
 vivo iQOO U1x智能手机 6+128GB-晨霜白,¥1149,//product.dangdang.com/652073870.html,
 vivo S9前置超清6nm旗舰芯片 8+256GB-朝露白,¥2799,//product.dangdang.com/651602890.html,
 OPPO Reno6 Pro+ 5G手机 12GB+256GB 名侦探柯南限定款 全网通 5000万全焦段影像系统 65,¥5898,//product.dangdang.com/11032370916.html,
 小米11 5G 12GB+256GB 骁龙888 2K AMOLED四曲面柔性屏 1亿像素 游戏手机,¥3198,//product.dangdang.com/637288912.html,
 OPPO A93 8GB+128GB-5G全网通-炫黑,¥1599,//product.dangdang.com/636177912.html,
 OPPO Reno4 SE 8+256GB-5G全网通-超闪白,¥2099,//product.dangdang.com/636441912.html,
 三星 Galaxy A8s（SM-G8870）黑瞳全视屏手机 骁龙710芯片 后置三摄 全网通4G 双卡双待,¥1948,//product.dangdang.com/644904974.html,
 疾速 疾速自由Y10+ 粉色,¥199.00,//product.dangdang.com/1033030897.html,
 小米 红米Redmi Note 11 天玑810 6.6英寸FHD+高清屏 5000mAh大电量智能全网通5手机,¥1248,//product.dangdang.com/11024933936.html,
 OPPO Reno5 Pro 全网通5G 移动电信联通 安卓智能拍照游戏音乐手机,¥2248,//product.dangdang.com/661589954.html,
 小米(MI) Redmi 红米 K20Pro 骁龙855 全网通 超广角三摄智能4G手机,¥2448,//product.dangdang.com/678974954.html,
 小米红米Redmi Note 11 Pro+ 5G智能手机 6GB+128GB 120W充电1亿像素天玑920液冷游戏芯,¥1878,//product.dangdang.com/11022432674.html,
 Apple 苹果 iPhone 12 mini 苹果 全网通5G手机 256GB紫色,¥4798,//product.dangdang.com/655376677.html,28条评论
 小米（MI）Redmi K30 红米 K30至尊纪念版 双模5G 天玑1000+旗舰芯片 120Hz高刷新率 四摄手机,¥1998,//product.dangdang.com/678945734.html,
 华为 DL02 防爆手机 化工厂加油站燃气站油罐区专用手机 智能手机 6.3英寸 双卡双待 八核 全网通4G,¥3649,//product.dangdang.com/670727714.html,
 海信(Hisense) 阅读手机 A7 经典版 (水墨屏) 全网通5G手机 6.7英寸电子书阅读器,¥2048,//product.dangdang.com/674816704.html,
 海信 Q5 平板电脑 10.5英寸 RLCD屏 60Hz高刷类墨水屏 八核 全网通4G LTE版 电纸书,¥1948,//product.dangdang.com/675680704.html,
 小米（MI）Redmi 10X 红米 10x移动联通电信全网通4G 游戏拍照智能手机 18W快充 指纹识别 人脸解锁手机,¥1098,//product.dangdang.com/11007723096.html,
 荣耀（honor）20S 李现同款 4G全网通 3200万人像超级夜景 4800万超广 安卓智能游戏拍照手机,¥2248,//product.dangdang.com/673633744.html,
 XiaoMi/小米降噪项圈蓝牙耳机 颈挂式挂脖入耳式蓝牙降噪音乐运动耳机 黑色,¥479.00,//product.dangdang.com/1532320895.html,2条评论
 荣耀50 1亿像素超清影像 5G 6.57英寸超曲屏 66W超级快充 3200万像素高清自拍 12GB+256GB 全网,¥2898,//product.dangdang.com/11000969944.html,2条评论
 三星Galaxy S21 G9910 全网通5G手机 6400万超高清专业摄像 6.2英寸120Hz超顺滑护目屏,¥3848,//product.dangdang.com/641436954.html,3条评论
 小米 (MI) Redmi 9A 红米 9A 大字体大音量 AI人脸解锁拍照游戏智能双卡双待老年人红米全网通4G,¥649.00,//product.dangdang.com/678486984.html,1条评论
 OPPO Reno5 8+128GB-5G全网通-星河入梦,¥2099,//product.dangdang.com/636578442.html,1条评论
 现代HYUNDAI-一拖三数据线 YH-NB004,¥39.00,//product.dangdang.com/11021854460.html,
 小米对讲机2手持民用大功率超薄迷你远距离户外出游手台公里无线,¥439.00,//product.dangdang.com/11039826324.html,1条评论
 xiaomi/小米米家电动螺丝刀家用小型电动起子便携螺丝刀电批多功能工具,¥198.00,//product.dangdang.com/1529143035.html,6条评论
 MINISO名创优品萌力星球野萌君街头风耳机AirPods保护套萌趣可爱,¥19.90,//product.dangdang.com/672169128.html,3条评论
 Apple苹果PD快充线原装iphone12数据线11Pro/XSMax充电线 Type-C转Lightning闪电连接,¥188.00,//product.dangdang.com/1878970798.html,2条评论
 小天才外耳佩戴学生耳机 无线蓝牙儿童耳机 学生网课学习耳机 可通话耳机,¥598.00,//product.dangdang.com/11000270987.html,
 【支持当当礼卡】HUAWEI华为66W原装线充套装（充电器+6AType-C数据线）66W Max超级快充 适用Mate,¥199.00,//product.dangdang.com/1488365570.html,11条评论
 小米50W立式风冷无线充套装,¥289.00,//product.dangdang.com/11080988594.html,
 小米无线充电宝10000毫安 青春版小巧便携大容量迷你移动电源,¥149.00,//product.dangdang.com/1862955830.html,
 Apple iPhone 13 Pro Max (A2644) 1TB 远峰蓝色 支持移动联通电信5G 双卡双待手机,¥13788,//product.dangdang.com/11024009346.html,1条评论
 铁三角（Audio-technica）ATH-M50X 头戴式专业全封闭监听音乐HIFI耳机 手机耳麦,¥1299,//product.dangdang.com/1383865667.html,1条评论
 小米Redmi 红米9A 6GB+128GB 5000mAh大电量 大屏幕大字体大音量 1300万AI相机 八核处理器,¥888.00,//product.dangdang.com/638499292.html,1条评论
 华为原装3A数据线Type C手机充电线3A快充适用p20p10p9v9mate10Nova2s3e荣耀 【Type C,¥19.00,//product.dangdang.com/1887978178.html,9条评论
 Apple 苹果 iPhone 12 5G手机 黑色 全网通 128GB,¥5558,//product.dangdang.com/640866428.html,8条评论
 Apple/苹果AirPods Pro 三代主动降噪无线蓝牙耳机airpods3支持iPad AirPods Pro 3,¥1758,//product.dangdang.com/627370492.html,21条评论
 Apple 苹果 iPhone 13 Pro Max 5G手机 银色 全网通 256GB,¥9988,//product.dangdang.com/11014229718.html,1条评论
 【支持当当礼卡】AFTERSHOKZ韶音AS800 Aeropex骨传导蓝牙耳机运动无线耳骨传导耳机跑步骑行,¥999.00,//product.dangdang.com/1024644667.html,17条评论
 Apple 苹果 iPhone 13 5G手机 256GB 粉色,¥6608,//product.dangdang.com/11013910118.html,4条评论
 华为AM116耳机高音质半入耳式3.5mm圆孔有线P30 Nova4/3安卓荣耀手机通用,¥58.00,//product.dangdang.com/676342802.html,1条评论
 【支持当当礼卡】苹果Apple 20W USB-C手机充电器插头 快速充电头 手机充电器适配器 适用iPhone12/i,¥145.00,//product.dangdang.com/1110298070.html,4条评论
 Apple/苹果Airpods2二代 无线蓝牙耳机 支持ipad Pro/min/iPhone 有线充电版 AirPod,¥998.00,//product.dangdang.com/1877652688.html,28条评论
 小米 Redmi 红米Note9 Pro 5G手机 8GB+128GB,¥1288,//product.dangdang.com/665915847.html,3条评论
 华为Type-C耳机华为经典耳机 适用于华为P20 Pro/P20/Mat TypeC接口CM33耳机,¥75.00,//product.dangdang.com/680894462.html,21条评论
 魅非多功能加长数据线MF029,¥70.00,//product.dangdang.com/1641117928.html,
 荣耀 畅玩7X 全网通4G版智能手机 双卡 人脸识别 金属机身 智能手机,¥838.00,//product.dangdang.com/11009339886.html,
 华为Y635 移动4G 5英寸四核智能手机（黑色）移动版 不支持微信XYYZ,¥248.00,//product.dangdang.com/11108005876.html,
 Apple iPhone SE 苹果 全网通手机 新包装 256GB,¥4088,//product.dangdang.com/655309967.html,
 小米 红米Note10 Pro 5G手机 6GB+128GB,¥1398,//product.dangdang.com/654587967.html,6条评论
 荣耀 Magic3 Pro 骁龙888Plus 6.76英寸超曲屏 多主摄计算摄影 66W有线50W无线双超级快充 12,¥5488,//product.dangdang.com/11056212996.html,
 海信(Hisense) A5 智能阅读移动联通电信全网4G手机,¥1098,//product.dangdang.com/11040070996.html,
 华为保修 优畅享20Plus 全网通5G 8GB+128GB 5G智能拍照手机,¥1498,//product.dangdang.com/11001075561.html,
 【支持当当礼卡】Shokz韶音OpenRun骨传导蓝牙耳机S803运动无线耳骨传导耳机跑步骑行,¥949.00,//product.dangdang.com/1008422767.html,4条评论
 荣耀X30i 5G全网通 8GB+128GB 22.5w快充 智能全网通手机,¥1538,//product.dangdang.com/11038499264.html,
 【支持当当礼卡】华为原装12000移动电源/充电宝 双向66W超级快充/优质电芯 适用Mate40Pro/MateBoo,¥329.00,//product.dangdang.com/1043682304.html,6条评论
 vivo Y93 安卓智能手机 全面水滴屏手机 双卡双待 4G全网通,¥798.00,//product.dangdang.com/11033639036.html,
 拓蓝者 挂耳式无线蓝牙耳机运动耳机一拖二 X16,¥32.00,//product.dangdang.com/1818082570.html,10条评论
 小米 红米9A Redmi 9A 5000mAh大电量 智能老人手机大音量 智能手机 6GB+128GB,¥878.00,//product.dangdang.com/679780920.html,1条评论
 小米 红米Note9 5G手机 8GB+128GB,¥1098,//product.dangdang.com/679496600.html,1条评论
 小米平板电脑钢化保护膜原装官方正品官网小米平板5 Pro钢化膜,¥79.00,//product.dangdang.com/11007442244.html,
 小米 红米Note9 5G手机 6GB+128GB,¥1098,//product.dangdang.com/679486530.html,3条评论
 荣耀60 SE 5G手机 8GB+256GB 120Hz十亿色曲面屏 66W快充 6400万Vlog相机 全网通版,¥2298,//product.dangdang.com/11104402413.html,
 诺基亚（NOKIA） 新106老人手机移动2G 老年手机直板按键大声老人机 学生小手机 备用功能机,¥154.00,//product.dangdang.com/641217004.html,1条评论
 诺基亚 新 215 4G全网通手机移动联通电信三网 双卡双待 备用功能机学生老人机按键手机直板手机,¥328.00,//product.dangdang.com/640081514.html,
 飞利浦(PHILIPS) S610 智能手机 6GB+128GB 全网通4G 双卡双待 水滴全面屏 老人学生手机,¥798.00,//product.dangdang.com/11047509374.html,
 小米 Civi 3200万双柔光自拍120Hz曲面原色屏4500mAh大电量立体双扬声器丝绒AG工艺5G手机,¥2098,//product.dangdang.com/11024152631.html,1条评论
 小米对讲机1S手持民用大功率超薄迷你远距离户外出游手台公里无线,¥249.00,//product.dangdang.com/1102732190.html,29条评论
 荣耀50SE 1亿像素超清影像 5G 6.78英寸全视屏 66W快充 8GB+128GB 全网通版,¥1698,//product.dangdang.com/11000965654.html,19条评论
 vivo iQOO U3x 8+128GB-雅灰,¥1449,//product.dangdang.com/650250680.html,
 华为畅享20 SE 移动联通电信4G智能手机 6.67英寸屏 双卡双待手机,¥1548,//product.dangdang.com/669028924.html,
 摩托罗拉P30 全网通4G版 后置双摄 全网通4G智能手机骁龙八核处理器 人脸指纹双解锁,¥1248,//product.dangdang.com/691108924.html,
 华为 EXmp4800 全网通4G 石油天然气化工厂专用本安型工业用防爆手机,¥2996,//product.dangdang.com/670757914.html,
 纽曼F11翻盖移动版老年手机待机声音大老年手机大屏大字男女款学生商务老人机,¥198.00,//product.dangdang.com/673907922.html,
 小米（MI）小米8 全面屏拍照游戏智能手机 全网通移动联通电信4G手机 双卡双待,¥1848,//product.dangdang.com/679436004.html,
 【支持当当礼卡】科大讯飞（iFLYTEK）智能录音耳机iFLYBUDS lite 无线蓝牙耳机 通话降噪 通话录音即时转,¥749.00,//product.dangdang.com/1008234967.html,19条评论
 vivo Y71 全面屏手机 4GB+64GB 5.99英寸移动全网通4G手机 双卡双待,¥898.00,//product.dangdang.com/11020811966.html,1条评论
 金立（Gionee）M30 八核智能手机 10000毫安超长待机 轻奢商务4G全网通 双卡双待,¥1299,//product.dangdang.com/11007614976.html,
 Apple 苹果 iPhone 12 mini 5G手机 白色 全网通 256GB,¥5288,//product.dangdang.com/640993998.html,
 Apple 苹果 iPhone 13 Pro Max 5G手机 石墨色 全网通 256GB,¥9888,//product.dangdang.com/11014226988.html,1条评论
 Apple 苹果 iPhone 13 Pro 5G手机 远峰蓝色 全网通 128GB,¥7988,//product.dangdang.com/11014209538.html,2条评论
 Apple 苹果 iPhone 13 Pro Max 5G手机 石墨色 全网通 128GB,¥9188,//product.dangdang.com/11014290538.html,
 纽曼F9老年机4G全网通翻盖老人专用手机待机大屏大字大声音男女士学生,¥298.00,//product.dangdang.com/673879572.html,3条评论
 Apple 苹果 iPhone 12 mini 5G手机 白色 全网通 128GB,¥4488,//product.dangdang.com/640956668.html,5条评论
 小米支架式自拍杆 三脚架二合一 360°可旋转手机支架 铝合金防滑拉杆 独立蓝牙遥控器 手机直播设备,¥98.00,//product.dangdang.com/1436114597.html,15条评论
 荣耀60Pro 12GB+256GB 流光四曲屏设计 1亿像素多主摄影像系统 66W超级快充 全网通版,¥3598,//product.dangdang.com/11044010834.html,
 Apple/苹果AirPods Pro 三代真无线蓝牙主动降噪运动音乐手机耳机,¥1758,//product.dangdang.com/1877636138.html,11条评论
 华为智选 优畅享20Plus 全网通5G 支持超级快充智能拍照手机,¥1498,//product.dangdang.com/11036206546.html,
 小米 红米Note9 6GB+128GB 全网通4G手机,¥998.00,//product.dangdang.com/647294592.html,5条评论
 小米 红米Redmi Note11 Pro 5G 天玑920 1亿像素 多功能NFC X轴线性马达 8GB+128GB,¥1788,//product.dangdang.com/11022424424.html,
 荣耀X30i 5G全网通 8GB+256GB 22.5w快充 智能全网通手机,¥1738,//product.dangdang.com/11038511984.html,
 荣耀60 12GB+256GB 前后双曲设计 1亿像素超清摄影 高通骁龙778G 5G 66W智慧超级快充 全网通版,¥2958,//product.dangdang.com/11043997344.html,
 荣耀X30i 5G全网通 6GB+128GB 22.5w快充 智能全网通手机,¥1338,//product.dangdang.com/11038489664.html,
 苹果Apple AirPods3代 2021款无线蓝牙耳机三代 支持苹果iphone13/iPad Pro AirPod,¥1398,//product.dangdang.com/11021242704.html,7条评论
 Apple 苹果 iPhone 13 5G手机 256GB 星光色,¥6618,//product.dangdang.com/11013908278.html,1条评论
 小米Redmi红米K40 游戏增强版 5G智能电竞手机 8GB+256GB,¥1798,//product.dangdang.com/680801600.html,1条评论
 苹果（Apple） 2021年款AirPods Pro 无线充电盒 主动降噪无线蓝牙耳机 适用iPhone/iPad/A,¥1758,//product.dangdang.com/11021247784.html,9条评论
 【支持当当礼卡】Shokz韶音OpenMove骨传导蓝牙耳机S661运动耳机跑步骑行耳机骨感耳机,¥549.00,//product.dangdang.com/1209683810.html,9条评论
 华为HUAWEI FreeBuds 4无线耳机 半开放主动降噪真无线蓝牙入耳式耳机,¥855.00,//product.dangdang.com/664654822.html,11条评论
 Apple苹果快充20W充电器快充头手机充电头iphone12promax/11数据线充电线套装 20W充电头 白色,¥145.00,//product.dangdang.com/1878956888.html,4条评论
 纽曼M560 电信版 老人机持久待机直板女款大屏大字大声老年手机学生功能按键小手机,¥179.00,//product.dangdang.com/684236132.html,1条评论
 Apple/苹果 2021款AirPods3代 蓝牙耳机 苹果AirPods (第三代)AirPods3,¥1398,//product.dangdang.com/1877648518.html,21条评论
 小米11 5G 8GB+256GB 骁龙888 2K AMOLED四曲面柔性屏 1亿像素 游戏手机,¥2988,//product.dangdang.com/637288372.html,1条评论
 小米Redmi Buds3 无线蓝牙耳机 无线耳机 半入耳 长续航 通话降噪 小米耳机 华为苹果手机通用,¥198.00,//product.dangdang.com/11068492144.html,2条评论
 OPPO A35 大屏幕 7.9mm轻薄机身 前置800万AI美颜 后置三摄 全面屏大内存学生老人手机全网通4G,¥899.00,//product.dangdang.com/660819544.html,1条评论
 麦芒9 5G双模全网通版 6400万高清三摄6.8英寸全高清大屏 4300mAh大电池 移动联通电信智能5G双模六频全网,¥1358,//product.dangdang.com/11010381976.html,1条评论
 Meizu/魅族 魅蓝note 电信4G版智能手机学生手机拍照手机魅族官方正品手机拍照手机备用手机老人手机,¥299.00,//product.dangdang.com/11034029436.html,
 vivo X60机5nm旗舰芯片蔡司光学镜头 8+128GB-5G全网通-原力,¥2699,//product.dangdang.com/622206370.html,
 小米（MI）11 Ultra 骁龙888处理器 5000mAh大电量 120HZ刷新率 全网通5G 安卓大屏手机游戏手机,¥4798,//product.dangdang.com/678291394.html,
 小米 12X 5g手机 12GB+256GB 骁龙870智能学生拍照全面屏全网通,¥3598,//product.dangdang.com/11105014563.html,
 vivo Y3s 功能机vivo y3s 4+128GB-海风青,¥1098,//product.dangdang.com/652099580.html,
 华为nova9 新品手机 8GB+128GB,¥2398,//product.dangdang.com/11024288291.html,2条评论
 华为5A快充充电线 原装数据线双向Type-C 【Type-C转Type-C】华为原装双头type-c接口数据线,¥28.00,//product.dangdang.com/1887906988.html,3条评论
 小米Air2 SE真无线蓝牙耳机双耳运动适用于华为苹果通用,¥148.00,//product.dangdang.com/648457982.html,3条评论
 小米Air2s 真无线蓝牙耳机 降噪运动跑步双耳迷你小型半入耳耳塞,¥448.00,//product.dangdang.com/648458712.html,4条评论
 华为FreeBuds Pro无线充版主动降噪无线蓝牙无线耳机,¥688.00,//product.dangdang.com/664647602.html,30条评论
 【支持当当礼卡】AFTERSHOKZ韶音AS800 AEROPEX骨传导蓝牙耳机运动无线耳骨传导耳机跑步骑行 曜夜黑,¥999.00,//product.dangdang.com/1271932370.html,15条评论
